{
    "version": "0.4",
    "title": "404 Page",
    "type": "page",
    "metadata": {
        "template_type": "single-page",
        "include_in_zip": "1",
        "elementor_pro_required": null,
        "wp_page_template": "elementor_canvas"
    },
    "content": [
        {
            "id": "785d9db5",
            "settings": {
                "gap": "no",
                "height": "full",
                "background_background": "classic",
                "background_position": "center center",
                "background_repeat": "no-repeat",
                "background_size": "cover",
                "background_overlay_background": "classic",
                "__globals__": {
                    "background_overlay_color": "globals\/colors?id=00e1299"
                },
                "content_width": {
                    "unit": "px",
                    "size": 700,
                    "sizes": []
                },
                "background_image": {
                    "url": "https:\/\/templatekit.jegtheme.com\/socca\/wp-content\/uploads\/sites\/54\/2021\/03\/soccer-field.jpg",
                    "id": 673
                },
                "background_overlay_opacity": {
                    "unit": "px",
                    "size": 0.7,
                    "sizes": []
                },
                "padding_mobile": {
                    "unit": "px",
                    "top": "100",
                    "right": "0",
                    "bottom": "100",
                    "left": "0",
                    "isLinked": false
                }
            },
            "elements": [
                {
                    "id": "19637456",
                    "settings": {
                        "_column_size": 100,
                        "_inline_size": null,
                        "margin_mobile": {
                            "unit": "px",
                            "top": "0",
                            "right": "10",
                            "bottom": "0",
                            "left": "10",
                            "isLinked": false
                        }
                    },
                    "elements": [
                        {
                            "id": "23e9a1d0",
                            "settings": {
                                "sg_text_style": "none",
                                "sg_text_before": "4",
                                "sg_text_animated": "0",
                                "sg_text_rotating_list": [
                                    {
                                        "sg_text_rotating_list_text": "dummy",
                                        "_id": "f06c086"
                                    },
                                    {
                                        "sg_text_rotating_list_text": "animated",
                                        "_id": "5777c39"
                                    },
                                    {
                                        "sg_text_rotating_list_text": "rotating",
                                        "_id": "67ebeb8"
                                    }
                                ],
                                "sg_text_after": "4",
                                "st_text_normal_normal_color_responsive": "#C70101",
                                "sg_text_animated_color_style": "color",
                                "st_text_animated_normal_color_responsive": "#FFFFFF",
                                "__globals__": {
                                    "st_text_normal_typography_content_typography_typography": "globals\/typography?id=f9ee007",
                                    "st_text_animated_typography_content_typography_typography": "globals\/typography?id=f9ee007",
                                    "st_text_animated_normal_color_responsive": "globals\/colors?id=4ea2f0b",
                                    "st_text_normal_normal_color_responsive": "globals\/colors?id=1988e30"
                                }
                            },
                            "elements": [],
                            "isInner": false,
                            "widgetType": "jkit_animated_text",
                            "elType": "widget"
                        },
                        {
                            "id": "55c91c95",
                            "settings": {
                                "title": "Pages Not Found",
                                "align": "center",
                                "__globals__": {
                                    "title_color": "globals\/colors?id=4ea2f0b",
                                    "typography_typography": "globals\/typography?id=d7ffd59"
                                }
                            },
                            "elements": [],
                            "isInner": false,
                            "widgetType": "heading",
                            "elType": "widget"
                        },
                        {
                            "id": "770408f7",
                            "settings": {
                                "__globals__": {
                                    "text_color": "globals\/colors?id=4ea2f0b",
                                    "typography_typography": ""
                                },
                                "editor": "Lorem ipsum dolor sit amet, consectetuer adipiscing elit. Aenean commodo ligula eget dolor. Aenean massa. Cum sociis natoque penatibus et magnis dis parturient montes.",
                                "align": "center",
                                "text_color": "#FFFFFF",
                                "typography_font_family": "Work Sans",
                                "typography_font_size": {
                                    "unit": "px",
                                    "size": 16,
                                    "sizes": []
                                },
                                "typography_font_size_mobile": {
                                    "unit": "px",
                                    "size": 14,
                                    "sizes": []
                                },
                                "typography_font_weight": "400"
                            },
                            "elements": [],
                            "isInner": false,
                            "widgetType": "text-editor",
                            "elType": "widget"
                        },
                        {
                            "id": "195ff67d",
                            "settings": {
                                "text": "Back To Home",
                                "align": "center",
                                "background_color": "#C70101",
                                "border_radius": {
                                    "unit": "px",
                                    "top": "0",
                                    "right": "0",
                                    "bottom": "0",
                                    "left": "0",
                                    "isLinked": true
                                },
                                "text_padding": {
                                    "unit": "px",
                                    "top": "18",
                                    "right": "28",
                                    "bottom": "18",
                                    "left": "28",
                                    "isLinked": false
                                },
                                "_margin": {
                                    "unit": "px",
                                    "top": "30",
                                    "right": "0",
                                    "bottom": "0",
                                    "left": "0",
                                    "isLinked": false
                                },
                                "__globals__": {
                                    "typography_typography": "globals\/typography?id=3a56188"
                                }
                            },
                            "elements": [],
                            "isInner": false,
                            "widgetType": "button",
                            "elType": "widget"
                        }
                    ],
                    "isInner": false,
                    "elType": "column"
                }
            ],
            "isInner": false,
            "elType": "section"
        }
    ],
    "page_settings": {
        "eael_ext_toc_title": "Table of Contents",
        "template": "elementor_canvas"
    }
}