{
    "version": "0.4",
    "title": "Academy Detail",
    "type": "page",
    "metadata": {
        "template_type": "single-page",
        "include_in_zip": "1",
        "elementor_pro_required": null,
        "wp_page_template": "elementor_canvas"
    },
    "content": [
        {
            "id": "3e92d278",
            "settings": {
                "content_position": "middle",
                "background_background": "classic",
                "background_color_stop": {
                    "unit": "%",
                    "size": 70,
                    "sizes": []
                },
                "background_color_b_stop": {
                    "unit": "%",
                    "size": 0,
                    "sizes": []
                },
                "background_gradient_angle": {
                    "unit": "deg",
                    "size": 90,
                    "sizes": []
                },
                "background_overlay_background": "classic",
                "background_overlay_opacity": {
                    "unit": "px",
                    "size": 0.59,
                    "sizes": []
                },
                "padding": {
                    "unit": "px",
                    "top": "140",
                    "right": "0",
                    "bottom": "175",
                    "left": "0",
                    "isLinked": false
                },
                "__globals__": {
                    "background_color": "",
                    "background_color_b": "",
                    "shape_divider_bottom_color": "",
                    "background_overlay_color": ""
                },
                "shape_divider_top_height": {
                    "unit": "px",
                    "size": 133,
                    "sizes": []
                },
                "shape_divider_top_flip": "yes",
                "shape_divider_bottom_height": {
                    "unit": "px",
                    "size": 60,
                    "sizes": []
                },
                "shape_divider_bottom_flip": "yes",
                "border_radius": {
                    "unit": "%",
                    "top": "",
                    "right": "",
                    "bottom": "",
                    "left": "",
                    "isLinked": true
                },
                "shape_divider_bottom_width": {
                    "unit": "%",
                    "size": 300,
                    "sizes": []
                },
                "padding_tablet": {
                    "unit": "px",
                    "top": "80",
                    "right": "10",
                    "bottom": "80",
                    "left": "10",
                    "isLinked": false
                },
                "padding_mobile": {
                    "unit": "px",
                    "top": "60",
                    "right": "10",
                    "bottom": "60",
                    "left": "10",
                    "isLinked": false
                },
                "background_color_b": "#FFFFFF",
                "background_image": {
                    "url": "https:\/\/templatekit.jegtheme.com\/socca\/wp-content\/uploads\/sites\/54\/2021\/03\/kids-joining-hands-before-match.jpg",
                    "id": 367
                },
                "background_position": "center center",
                "background_ypos": {
                    "unit": "%",
                    "size": 78,
                    "sizes": []
                },
                "background_repeat": "no-repeat",
                "background_size": "cover",
                "background_overlay_color": "#000000",
                "gap": "no"
            },
            "elements": [
                {
                    "id": "75c8df6b",
                    "settings": {
                        "_column_size": 100,
                        "_inline_size": null,
                        "padding_tablet": {
                            "unit": "px",
                            "top": "10",
                            "right": "20",
                            "bottom": "10",
                            "left": "10",
                            "isLinked": false
                        },
                        "background_background": "classic"
                    },
                    "elements": [
                        {
                            "id": "1c810cd3",
                            "settings": {
                                "title": "U-18 Junior Academy",
                                "__globals__": {
                                    "title_color": "globals\/colors?id=4ea2f0b",
                                    "typography_typography": "globals\/typography?id=d7ffd59"
                                },
                                "align_mobile": "center",
                                "align": "center"
                            },
                            "elements": [],
                            "isInner": false,
                            "widgetType": "heading",
                            "elType": "widget"
                        }
                    ],
                    "isInner": false,
                    "elType": "column"
                }
            ],
            "isInner": false,
            "elType": "section"
        },
        {
            "id": "73904a8c",
            "settings": {
                "structure": "20",
                "padding": {
                    "unit": "px",
                    "top": "100",
                    "right": "0",
                    "bottom": "100",
                    "left": "0",
                    "isLinked": false
                },
                "padding_tablet": {
                    "unit": "px",
                    "top": "60",
                    "right": "10",
                    "bottom": "80",
                    "left": "10",
                    "isLinked": false
                },
                "padding_mobile": {
                    "unit": "px",
                    "top": "40",
                    "right": "10",
                    "bottom": "60",
                    "left": "10",
                    "isLinked": false
                },
                "gap": "no",
                "background_background": "classic",
                "__globals__": {
                    "background_color": "globals\/colors?id=7049ee0"
                }
            },
            "elements": [
                {
                    "id": "4d5c257",
                    "settings": {
                        "_column_size": 50,
                        "_inline_size": 65,
                        "padding": {
                            "unit": "px",
                            "top": "0",
                            "right": "40",
                            "bottom": "0",
                            "left": "0",
                            "isLinked": false
                        },
                        "_inline_size_tablet": 100,
                        "padding_tablet": {
                            "unit": "px",
                            "top": "10",
                            "right": "10",
                            "bottom": "10",
                            "left": "10",
                            "isLinked": false
                        }
                    },
                    "elements": [
                        {
                            "id": "3428a512",
                            "settings": {
                                "title": "About The Academy",
                                "__globals__": {
                                    "title_color": "globals\/colors?id=00e1299",
                                    "typography_typography": "globals\/typography?id=f05cfaa"
                                },
                                "align_mobile": "center",
                                "header_size": "h4"
                            },
                            "elements": [],
                            "isInner": false,
                            "widgetType": "heading",
                            "elType": "widget"
                        },
                        {
                            "id": "4579b6e7",
                            "settings": {
                                "editor": "Lorem ipsum dolor sit amet, consectetuer adipiscing elit. Aenean commodo ligula eget dolor. Aenean massa. Cum sociis natoque penatibus et magnis dis parturient montes, nascetur ridiculus mus. Donec quam felis, ultricies nec, pellentesque eu, pretium quis, sem. Nulla consequat massa quis enim. Donec pede justo, fringilla vel, aliquet nec, vulputate eget, arcu. In enim justo, rhoncus ut, imperdiet a, venenatis vitae, justo.",
                                "align_mobile": "center",
                                "_margin": {
                                    "unit": "px",
                                    "top": "0",
                                    "right": "0",
                                    "bottom": "0",
                                    "left": "0",
                                    "isLinked": false
                                },
                                "_padding": {
                                    "unit": "px",
                                    "top": "0",
                                    "right": "20",
                                    "bottom": "0",
                                    "left": "0",
                                    "isLinked": false
                                },
                                "__globals__": {
                                    "text_color": "globals\/colors?id=00e1299",
                                    "typography_typography": "globals\/typography?id=text"
                                },
                                "_margin_tablet": {
                                    "unit": "px",
                                    "top": "0",
                                    "right": "0",
                                    "bottom": "0",
                                    "left": "0",
                                    "isLinked": false
                                },
                                "_padding_tablet": {
                                    "unit": "px",
                                    "top": "0",
                                    "right": "0",
                                    "bottom": "0",
                                    "left": "0",
                                    "isLinked": false
                                }
                            },
                            "elements": [],
                            "isInner": false,
                            "widgetType": "text-editor",
                            "elType": "widget"
                        },
                        {
                            "id": "23cb4fca",
                            "settings": {
                                "title": "Description",
                                "__globals__": {
                                    "title_color": "globals\/colors?id=00e1299",
                                    "typography_typography": "globals\/typography?id=1efc178"
                                },
                                "align_mobile": "center",
                                "header_size": "h5"
                            },
                            "elements": [],
                            "isInner": false,
                            "widgetType": "heading",
                            "elType": "widget"
                        },
                        {
                            "id": "11df5524",
                            "settings": {
                                "editor": "Lorem ipsum dolor sit amet, consectetuer adipiscing elit. Aenean commodo ligula eget dolor. Aenean massa. Cum sociis natoque penatibus et magnis dis parturient montes, nascetur ridiculus mus. Donec quam felis, ultricies nec, pellentesque eu, pretium quis, sem. ",
                                "align_mobile": "center",
                                "_margin": {
                                    "unit": "px",
                                    "top": "0",
                                    "right": "0",
                                    "bottom": "0",
                                    "left": "0",
                                    "isLinked": false
                                },
                                "_padding": {
                                    "unit": "px",
                                    "top": "0",
                                    "right": "20",
                                    "bottom": "0",
                                    "left": "0",
                                    "isLinked": false
                                },
                                "__globals__": {
                                    "text_color": "globals\/colors?id=00e1299",
                                    "typography_typography": "globals\/typography?id=text"
                                },
                                "_margin_tablet": {
                                    "unit": "px",
                                    "top": "0",
                                    "right": "0",
                                    "bottom": "0",
                                    "left": "0",
                                    "isLinked": false
                                },
                                "_padding_tablet": {
                                    "unit": "px",
                                    "top": "0",
                                    "right": "0",
                                    "bottom": "0",
                                    "left": "0",
                                    "isLinked": false
                                }
                            },
                            "elements": [],
                            "isInner": false,
                            "widgetType": "text-editor",
                            "elType": "widget"
                        },
                        {
                            "id": "23828837",
                            "settings": {
                                "title": "Requirements",
                                "__globals__": {
                                    "title_color": "globals\/colors?id=00e1299",
                                    "typography_typography": "globals\/typography?id=1efc178"
                                },
                                "align_mobile": "center"
                            },
                            "elements": [],
                            "isInner": false,
                            "widgetType": "heading",
                            "elType": "widget"
                        },
                        {
                            "id": "1ca27614",
                            "settings": {
                                "icon_list": [
                                    {
                                        "text": "Under 18-Years Old",
                                        "selected_icon": {
                                            "value": "icon icon-checked1",
                                            "library": "ekiticons"
                                        },
                                        "_id": "446ddda"
                                    },
                                    {
                                        "text": "Willing to training every Saturday Morning",
                                        "selected_icon": {
                                            "value": "icon icon-checked1",
                                            "library": "ekiticons"
                                        },
                                        "_id": "ac235e9"
                                    }
                                ],
                                "space_between": {
                                    "unit": "px",
                                    "size": 5,
                                    "sizes": []
                                },
                                "__globals__": {
                                    "text_color": "globals\/colors?id=00e1299",
                                    "icon_color": "globals\/colors?id=1988e30",
                                    "text_color_hover": "globals\/colors?id=1988e30",
                                    "icon_typography_typography": "globals\/typography?id=text"
                                },
                                "icon_align": "left",
                                "text_indent": {
                                    "unit": "px",
                                    "size": 5,
                                    "sizes": []
                                }
                            },
                            "elements": [],
                            "isInner": false,
                            "widgetType": "icon-list",
                            "elType": "widget"
                        },
                        {
                            "id": "63f21102",
                            "settings": {
                                "gap": "no",
                                "structure": "20",
                                "border_border": "solid",
                                "border_width": {
                                    "unit": "px",
                                    "top": "1",
                                    "right": "0",
                                    "bottom": "0",
                                    "left": "0",
                                    "isLinked": false
                                },
                                "border_color": "#E7EBF0",
                                "margin": {
                                    "unit": "px",
                                    "top": "20",
                                    "right": 0,
                                    "bottom": "0",
                                    "left": 0,
                                    "isLinked": false
                                },
                                "padding": {
                                    "unit": "px",
                                    "top": "40",
                                    "right": "0",
                                    "bottom": "0",
                                    "left": "0",
                                    "isLinked": false
                                },
                                "content_position": "middle",
                                "padding_mobile": {
                                    "unit": "px",
                                    "top": "40",
                                    "right": "0",
                                    "bottom": "20",
                                    "left": "0",
                                    "isLinked": false
                                }
                            },
                            "elements": [
                                {
                                    "id": "27f6975d",
                                    "settings": {
                                        "_column_size": 50,
                                        "_inline_size": null,
                                        "_inline_size_mobile": 50
                                    },
                                    "elements": [
                                        {
                                            "id": "44a4d8ba",
                                            "settings": {
                                                "title": "FAQ",
                                                "__globals__": {
                                                    "title_color": "globals\/colors?id=00e1299",
                                                    "typography_typography": "globals\/typography?id=1efc178"
                                                },
                                                "align_mobile": "center"
                                            },
                                            "elements": [],
                                            "isInner": false,
                                            "widgetType": "heading",
                                            "elType": "widget"
                                        }
                                    ],
                                    "isInner": true,
                                    "elType": "column"
                                },
                                {
                                    "id": "29b47e98",
                                    "settings": {
                                        "_column_size": 50,
                                        "_inline_size": null,
                                        "_inline_size_mobile": 50
                                    },
                                    "elements": [],
                                    "isInner": true,
                                    "elType": "column"
                                }
                            ],
                            "isInner": true,
                            "elType": "section"
                        },
                        {
                            "id": "793af92f",
                            "settings": {
                                "sg_accordion_list": [
                                    {
                                        "sg_accordion_list_title": "Lorem ipsum dolor sit amet",
                                        "sg_accordion_list_content": "Lorem ipsum dolor sit amet, consectetuer adipiscing elit. Aenean commodo ligula eget dolor. Aenean massa. Cum sociis natoque penatibus et magnis dis parturient montes, nascetur ridiculus mus. Donec quam felis, ultricies nec.",
                                        "_id": "5c3dceb"
                                    },
                                    {
                                        "sg_accordion_list_title": "Far far away, behind the word mountains",
                                        "sg_accordion_list_content": "Lorem ipsum dolor sit amet, consectetuer adipiscing elit. Aenean commodo ligula eget dolor. Aenean massa. Cum sociis natoque penatibus et magnis dis parturient montes, nascetur ridiculus mus. Donec quam felis, ultricies nec.",
                                        "_id": "f31a193"
                                    },
                                    {
                                        "sg_accordion_list_title": "The quick, brown fox jumps over a lazy dog",
                                        "sg_accordion_list_content": "Lorem ipsum dolor sit amet, consectetuer adipiscing elit. Aenean commodo ligula eget dolor. Aenean massa. Cum sociis natoque penatibus et magnis dis parturient montes, nascetur ridiculus mus. Donec quam felis, ultricies nec.",
                                        "_id": "b1a6d43"
                                    }
                                ],
                                "sg_accordion_open": "yes",
                                "sg_icon_position": "left",
                                "st_title_open_color_responsive": "#100707",
                                "st_title_open_background_background_background": "classic",
                                "st_title_open_background_background_color": "#FFFFFF",
                                "st_title_close_color_responsive": "#100707",
                                "st_title_close_background_background_background": "classic",
                                "st_title_close_background_background_color": "#FFFFFF",
                                "st_description_color_responsive": "#100707",
                                "st_icon_open_color_responsive": "#C70101",
                                "st_icon_close_color_responsive": "#C70101",
                                "__globals__": {
                                    "st_title_typography_content_typography_typography": "globals\/typography?id=c51b32c",
                                    "st_title_open_color_responsive": "globals\/colors?id=00e1299",
                                    "st_title_close_color_responsive": "globals\/colors?id=00e1299",
                                    "st_title_close_background_background_color": "globals\/colors?id=4ea2f0b",
                                    "st_icon_close_color_responsive": "globals\/colors?id=1988e30",
                                    "st_title_open_background_background_color": "globals\/colors?id=4ea2f0b",
                                    "st_icon_open_color_responsive": "globals\/colors?id=1988e30",
                                    "st_description_color_responsive": "globals\/colors?id=00e1299",
                                    "st_description_typography_content_typography_typography": "globals\/typography?id=text"
                                }
                            },
                            "elements": [],
                            "isInner": false,
                            "widgetType": "jkit_accordion",
                            "elType": "widget"
                        },
                        {
                            "id": "52ab1dff",
                            "settings": {
                                "gap": "no",
                                "content_position": "middle",
                                "margin": {
                                    "unit": "px",
                                    "top": "20",
                                    "right": 0,
                                    "bottom": "0",
                                    "left": 0,
                                    "isLinked": false
                                },
                                "margin_mobile": {
                                    "unit": "px",
                                    "top": "0",
                                    "right": 0,
                                    "bottom": "0",
                                    "left": 0,
                                    "isLinked": false
                                },
                                "background_motion_fx_motion_fx_scrolling": "",
                                "background_motion_fx_translateY_effect": "",
                                "background_motion_fx_translateY_direction": "",
                                "background_motion_fx_translateY_speed": {
                                    "unit": "px",
                                    "size": 4,
                                    "sizes": []
                                },
                                "background_motion_fx_translateY_affectedRange": {
                                    "unit": "%",
                                    "size": "",
                                    "sizes": {
                                        "start": 0,
                                        "end": 100
                                    }
                                },
                                "background_motion_fx_translateX_effect": "",
                                "background_motion_fx_translateX_direction": "",
                                "background_motion_fx_translateX_speed": {
                                    "unit": "px",
                                    "size": 4,
                                    "sizes": []
                                },
                                "background_motion_fx_translateX_affectedRange": {
                                    "unit": "%",
                                    "size": "",
                                    "sizes": {
                                        "start": 0,
                                        "end": 100
                                    }
                                },
                                "background_motion_fx_opacity_effect": "",
                                "background_motion_fx_opacity_direction": "out-in",
                                "background_motion_fx_opacity_level": {
                                    "unit": "px",
                                    "size": 10,
                                    "sizes": []
                                },
                                "background_motion_fx_opacity_range": {
                                    "unit": "%",
                                    "size": "",
                                    "sizes": {
                                        "start": 20,
                                        "end": 80
                                    }
                                },
                                "background_motion_fx_blur_effect": "",
                                "background_motion_fx_blur_direction": "out-in",
                                "background_motion_fx_blur_level": {
                                    "unit": "px",
                                    "size": 7,
                                    "sizes": []
                                },
                                "background_motion_fx_blur_range": {
                                    "unit": "%",
                                    "size": "",
                                    "sizes": {
                                        "start": 20,
                                        "end": 80
                                    }
                                },
                                "background_motion_fx_rotateZ_direction": "",
                                "background_motion_fx_rotateZ_speed": {
                                    "unit": "px",
                                    "size": 1,
                                    "sizes": []
                                },
                                "background_motion_fx_rotateZ_affectedRange": {
                                    "unit": "%",
                                    "size": "",
                                    "sizes": {
                                        "start": 0,
                                        "end": 100
                                    }
                                },
                                "background_motion_fx_scale_effect": "",
                                "background_motion_fx_scale_direction": "out-in",
                                "background_motion_fx_scale_speed": {
                                    "unit": "px",
                                    "size": 4,
                                    "sizes": []
                                },
                                "background_motion_fx_scale_range": {
                                    "unit": "%",
                                    "size": "",
                                    "sizes": {
                                        "start": 20,
                                        "end": 80
                                    }
                                },
                                "background_motion_fx_devices": [
                                    "desktop",
                                    "tablet",
                                    "mobile"
                                ],
                                "background_motion_fx_range": "",
                                "background_motion_fx_motion_fx_mouse": "",
                                "background_motion_fx_mouseTrack_effect": "",
                                "background_motion_fx_mouseTrack_direction": "",
                                "background_motion_fx_mouseTrack_speed": {
                                    "unit": "px",
                                    "size": 1,
                                    "sizes": []
                                },
                                "background_motion_fx_tilt_direction": "",
                                "background_motion_fx_tilt_speed": {
                                    "unit": "px",
                                    "size": 4,
                                    "sizes": []
                                },
                                "motion_fx_motion_fx_scrolling": "",
                                "motion_fx_translateY_effect": "",
                                "motion_fx_translateY_direction": "",
                                "motion_fx_translateY_speed": {
                                    "unit": "px",
                                    "size": 4,
                                    "sizes": []
                                },
                                "motion_fx_translateY_affectedRange": {
                                    "unit": "%",
                                    "size": "",
                                    "sizes": {
                                        "start": 0,
                                        "end": 100
                                    }
                                },
                                "motion_fx_translateX_effect": "",
                                "motion_fx_translateX_direction": "",
                                "motion_fx_translateX_speed": {
                                    "unit": "px",
                                    "size": 4,
                                    "sizes": []
                                },
                                "motion_fx_translateX_affectedRange": {
                                    "unit": "%",
                                    "size": "",
                                    "sizes": {
                                        "start": 0,
                                        "end": 100
                                    }
                                },
                                "motion_fx_opacity_effect": "",
                                "motion_fx_opacity_direction": "out-in",
                                "motion_fx_opacity_level": {
                                    "unit": "px",
                                    "size": 10,
                                    "sizes": []
                                },
                                "motion_fx_opacity_range": {
                                    "unit": "%",
                                    "size": "",
                                    "sizes": {
                                        "start": 20,
                                        "end": 80
                                    }
                                },
                                "motion_fx_blur_effect": "",
                                "motion_fx_blur_direction": "out-in",
                                "motion_fx_blur_level": {
                                    "unit": "px",
                                    "size": 7,
                                    "sizes": []
                                },
                                "motion_fx_blur_range": {
                                    "unit": "%",
                                    "size": "",
                                    "sizes": {
                                        "start": 20,
                                        "end": 80
                                    }
                                },
                                "motion_fx_rotateZ_effect": "",
                                "motion_fx_rotateZ_direction": "",
                                "motion_fx_rotateZ_speed": {
                                    "unit": "px",
                                    "size": 1,
                                    "sizes": []
                                },
                                "motion_fx_rotateZ_affectedRange": {
                                    "unit": "%",
                                    "size": "",
                                    "sizes": {
                                        "start": 0,
                                        "end": 100
                                    }
                                },
                                "motion_fx_scale_effect": "",
                                "motion_fx_scale_direction": "out-in",
                                "motion_fx_scale_speed": {
                                    "unit": "px",
                                    "size": 4,
                                    "sizes": []
                                },
                                "motion_fx_scale_range": {
                                    "unit": "%",
                                    "size": "",
                                    "sizes": {
                                        "start": 20,
                                        "end": 80
                                    }
                                },
                                "motion_fx_transform_origin_x": "center",
                                "motion_fx_transform_origin_y": "center",
                                "motion_fx_devices": [
                                    "desktop",
                                    "tablet",
                                    "mobile"
                                ],
                                "motion_fx_range": "",
                                "motion_fx_mouseTrack_effect": "",
                                "motion_fx_mouseTrack_direction": "",
                                "motion_fx_mouseTrack_speed": {
                                    "unit": "px",
                                    "size": 1,
                                    "sizes": []
                                },
                                "motion_fx_tilt_effect": "",
                                "motion_fx_tilt_direction": "",
                                "motion_fx_tilt_speed": {
                                    "unit": "px",
                                    "size": 4,
                                    "sizes": []
                                },
                                "sticky": "",
                                "sticky_on": [
                                    "desktop",
                                    "tablet",
                                    "mobile"
                                ],
                                "sticky_offset": 0,
                                "sticky_effects_offset": 0,
                                "_attributes": "",
                                "custom_css": ""
                            },
                            "elements": [
                                {
                                    "id": "78c69e15",
                                    "settings": {
                                        "_column_size": 100,
                                        "_inline_size": null,
                                        "margin_mobile": {
                                            "unit": "px",
                                            "top": "20",
                                            "right": "0",
                                            "bottom": "0",
                                            "left": "0",
                                            "isLinked": false
                                        },
                                        "background_motion_fx_motion_fx_scrolling": "",
                                        "background_motion_fx_translateY_effect": "",
                                        "background_motion_fx_translateY_direction": "",
                                        "background_motion_fx_translateY_speed": {
                                            "unit": "px",
                                            "size": 4,
                                            "sizes": []
                                        },
                                        "background_motion_fx_translateY_affectedRange": {
                                            "unit": "%",
                                            "size": "",
                                            "sizes": {
                                                "start": 0,
                                                "end": 100
                                            }
                                        },
                                        "background_motion_fx_translateX_effect": "",
                                        "background_motion_fx_translateX_direction": "",
                                        "background_motion_fx_translateX_speed": {
                                            "unit": "px",
                                            "size": 4,
                                            "sizes": []
                                        },
                                        "background_motion_fx_translateX_affectedRange": {
                                            "unit": "%",
                                            "size": "",
                                            "sizes": {
                                                "start": 0,
                                                "end": 100
                                            }
                                        },
                                        "background_motion_fx_opacity_effect": "",
                                        "background_motion_fx_opacity_direction": "out-in",
                                        "background_motion_fx_opacity_level": {
                                            "unit": "px",
                                            "size": 10,
                                            "sizes": []
                                        },
                                        "background_motion_fx_opacity_range": {
                                            "unit": "%",
                                            "size": "",
                                            "sizes": {
                                                "start": 20,
                                                "end": 80
                                            }
                                        },
                                        "background_motion_fx_blur_effect": "",
                                        "background_motion_fx_blur_direction": "out-in",
                                        "background_motion_fx_blur_level": {
                                            "unit": "px",
                                            "size": 7,
                                            "sizes": []
                                        },
                                        "background_motion_fx_blur_range": {
                                            "unit": "%",
                                            "size": "",
                                            "sizes": {
                                                "start": 20,
                                                "end": 80
                                            }
                                        },
                                        "background_motion_fx_rotateZ_direction": "",
                                        "background_motion_fx_rotateZ_speed": {
                                            "unit": "px",
                                            "size": 1,
                                            "sizes": []
                                        },
                                        "background_motion_fx_rotateZ_affectedRange": {
                                            "unit": "%",
                                            "size": "",
                                            "sizes": {
                                                "start": 0,
                                                "end": 100
                                            }
                                        },
                                        "background_motion_fx_scale_effect": "",
                                        "background_motion_fx_scale_direction": "out-in",
                                        "background_motion_fx_scale_speed": {
                                            "unit": "px",
                                            "size": 4,
                                            "sizes": []
                                        },
                                        "background_motion_fx_scale_range": {
                                            "unit": "%",
                                            "size": "",
                                            "sizes": {
                                                "start": 20,
                                                "end": 80
                                            }
                                        },
                                        "background_motion_fx_devices": [
                                            "desktop",
                                            "tablet",
                                            "mobile"
                                        ],
                                        "background_motion_fx_range": "",
                                        "background_motion_fx_motion_fx_mouse": "",
                                        "background_motion_fx_mouseTrack_effect": "",
                                        "background_motion_fx_mouseTrack_direction": "",
                                        "background_motion_fx_mouseTrack_speed": {
                                            "unit": "px",
                                            "size": 1,
                                            "sizes": []
                                        },
                                        "background_motion_fx_tilt_direction": "",
                                        "background_motion_fx_tilt_speed": {
                                            "unit": "px",
                                            "size": 4,
                                            "sizes": []
                                        },
                                        "motion_fx_motion_fx_scrolling": "",
                                        "motion_fx_translateY_effect": "",
                                        "motion_fx_translateY_direction": "",
                                        "motion_fx_translateY_speed": {
                                            "unit": "px",
                                            "size": 4,
                                            "sizes": []
                                        },
                                        "motion_fx_translateY_affectedRange": {
                                            "unit": "%",
                                            "size": "",
                                            "sizes": {
                                                "start": 0,
                                                "end": 100
                                            }
                                        },
                                        "motion_fx_translateX_effect": "",
                                        "motion_fx_translateX_direction": "",
                                        "motion_fx_translateX_speed": {
                                            "unit": "px",
                                            "size": 4,
                                            "sizes": []
                                        },
                                        "motion_fx_translateX_affectedRange": {
                                            "unit": "%",
                                            "size": "",
                                            "sizes": {
                                                "start": 0,
                                                "end": 100
                                            }
                                        },
                                        "motion_fx_opacity_effect": "",
                                        "motion_fx_opacity_direction": "out-in",
                                        "motion_fx_opacity_level": {
                                            "unit": "px",
                                            "size": 10,
                                            "sizes": []
                                        },
                                        "motion_fx_opacity_range": {
                                            "unit": "%",
                                            "size": "",
                                            "sizes": {
                                                "start": 20,
                                                "end": 80
                                            }
                                        },
                                        "motion_fx_blur_effect": "",
                                        "motion_fx_blur_direction": "out-in",
                                        "motion_fx_blur_level": {
                                            "unit": "px",
                                            "size": 7,
                                            "sizes": []
                                        },
                                        "motion_fx_blur_range": {
                                            "unit": "%",
                                            "size": "",
                                            "sizes": {
                                                "start": 20,
                                                "end": 80
                                            }
                                        },
                                        "motion_fx_rotateZ_effect": "",
                                        "motion_fx_rotateZ_direction": "",
                                        "motion_fx_rotateZ_speed": {
                                            "unit": "px",
                                            "size": 1,
                                            "sizes": []
                                        },
                                        "motion_fx_rotateZ_affectedRange": {
                                            "unit": "%",
                                            "size": "",
                                            "sizes": {
                                                "start": 0,
                                                "end": 100
                                            }
                                        },
                                        "motion_fx_scale_effect": "",
                                        "motion_fx_scale_direction": "out-in",
                                        "motion_fx_scale_speed": {
                                            "unit": "px",
                                            "size": 4,
                                            "sizes": []
                                        },
                                        "motion_fx_scale_range": {
                                            "unit": "%",
                                            "size": "",
                                            "sizes": {
                                                "start": 20,
                                                "end": 80
                                            }
                                        },
                                        "motion_fx_transform_origin_x": "center",
                                        "motion_fx_transform_origin_y": "center",
                                        "motion_fx_devices": [
                                            "desktop",
                                            "tablet",
                                            "mobile"
                                        ],
                                        "motion_fx_range": "",
                                        "motion_fx_motion_fx_mouse": "",
                                        "motion_fx_mouseTrack_effect": "",
                                        "motion_fx_mouseTrack_direction": "",
                                        "motion_fx_mouseTrack_speed": {
                                            "unit": "px",
                                            "size": 1,
                                            "sizes": []
                                        },
                                        "motion_fx_tilt_effect": "",
                                        "motion_fx_tilt_direction": "",
                                        "motion_fx_tilt_speed": {
                                            "unit": "px",
                                            "size": 4,
                                            "sizes": []
                                        },
                                        "_attributes": "",
                                        "custom_css": "",
                                        "align": "center"
                                    },
                                    "elements": [
                                        {
                                            "id": "74b6914a",
                                            "settings": {
                                                "editor": "Share This : ",
                                                "align": "right",
                                                "align_mobile": "center",
                                                "_margin": {
                                                    "unit": "px",
                                                    "top": "0",
                                                    "right": "5",
                                                    "bottom": "0",
                                                    "left": "0",
                                                    "isLinked": false
                                                },
                                                "_element_width": "auto",
                                                "_element_width_mobile": "inherit",
                                                "_element_custom_width": {
                                                    "unit": "%",
                                                    "size": 50,
                                                    "sizes": []
                                                },
                                                "motion_fx_motion_fx_scrolling": "",
                                                "motion_fx_translateY_effect": "",
                                                "motion_fx_translateY_direction": "",
                                                "motion_fx_translateY_speed": {
                                                    "unit": "px",
                                                    "size": 4,
                                                    "sizes": []
                                                },
                                                "motion_fx_translateY_affectedRange": {
                                                    "unit": "%",
                                                    "size": "",
                                                    "sizes": {
                                                        "start": 0,
                                                        "end": 100
                                                    }
                                                },
                                                "motion_fx_translateX_effect": "",
                                                "motion_fx_translateX_direction": "",
                                                "motion_fx_translateX_speed": {
                                                    "unit": "px",
                                                    "size": 4,
                                                    "sizes": []
                                                },
                                                "motion_fx_translateX_affectedRange": {
                                                    "unit": "%",
                                                    "size": "",
                                                    "sizes": {
                                                        "start": 0,
                                                        "end": 100
                                                    }
                                                },
                                                "motion_fx_opacity_effect": "",
                                                "motion_fx_opacity_direction": "out-in",
                                                "motion_fx_opacity_level": {
                                                    "unit": "px",
                                                    "size": 10,
                                                    "sizes": []
                                                },
                                                "motion_fx_opacity_range": {
                                                    "unit": "%",
                                                    "size": "",
                                                    "sizes": {
                                                        "start": 20,
                                                        "end": 80
                                                    }
                                                },
                                                "motion_fx_blur_effect": "",
                                                "motion_fx_blur_direction": "out-in",
                                                "motion_fx_blur_level": {
                                                    "unit": "px",
                                                    "size": 7,
                                                    "sizes": []
                                                },
                                                "motion_fx_blur_range": {
                                                    "unit": "%",
                                                    "size": "",
                                                    "sizes": {
                                                        "start": 20,
                                                        "end": 80
                                                    }
                                                },
                                                "motion_fx_rotateZ_effect": "",
                                                "motion_fx_rotateZ_direction": "",
                                                "motion_fx_rotateZ_speed": {
                                                    "unit": "px",
                                                    "size": 1,
                                                    "sizes": []
                                                },
                                                "motion_fx_rotateZ_affectedRange": {
                                                    "unit": "%",
                                                    "size": "",
                                                    "sizes": {
                                                        "start": 0,
                                                        "end": 100
                                                    }
                                                },
                                                "motion_fx_scale_effect": "",
                                                "motion_fx_scale_direction": "out-in",
                                                "motion_fx_scale_speed": {
                                                    "unit": "px",
                                                    "size": 4,
                                                    "sizes": []
                                                },
                                                "motion_fx_scale_range": {
                                                    "unit": "%",
                                                    "size": "",
                                                    "sizes": {
                                                        "start": 20,
                                                        "end": 80
                                                    }
                                                },
                                                "motion_fx_transform_origin_x": "center",
                                                "motion_fx_transform_origin_y": "center",
                                                "motion_fx_devices": [
                                                    "desktop",
                                                    "tablet",
                                                    "mobile"
                                                ],
                                                "motion_fx_range": "",
                                                "motion_fx_motion_fx_mouse": "",
                                                "motion_fx_mouseTrack_effect": "",
                                                "motion_fx_mouseTrack_direction": "",
                                                "motion_fx_mouseTrack_speed": {
                                                    "unit": "px",
                                                    "size": 1,
                                                    "sizes": []
                                                },
                                                "motion_fx_tilt_effect": "",
                                                "motion_fx_tilt_direction": "",
                                                "motion_fx_tilt_speed": {
                                                    "unit": "px",
                                                    "size": 4,
                                                    "sizes": []
                                                },
                                                "sticky": "",
                                                "sticky_on": [
                                                    "desktop",
                                                    "tablet",
                                                    "mobile"
                                                ],
                                                "sticky_offset": 0,
                                                "sticky_effects_offset": 0,
                                                "sticky_parent": "",
                                                "_attributes": "",
                                                "custom_css": "",
                                                "__globals__": {
                                                    "typography_typography": "globals\/typography?id=7642aaf"
                                                }
                                            },
                                            "elements": [],
                                            "isInner": false,
                                            "widgetType": "text-editor",
                                            "elType": "widget"
                                        },
                                        {
                                            "id": "34202261",
                                            "settings": {
                                                "ekit_socialshare_add_icons": [
                                                    {
                                                        "ekit_socialshare_icon_hover_bg_color": "",
                                                        "_id": "55182b1",
                                                        "ekit_socialshare_icon_color": "#FFFFFF",
                                                        "__globals__": {
                                                            "ekit_socialshare_icon_bg_color": "globals\/colors?id=1988e30"
                                                        }
                                                    },
                                                    {
                                                        "ekit_socialshare_icons": {
                                                            "value": "fab fa-twitter",
                                                            "library": "fa-brands"
                                                        },
                                                        "ekit_socialshare_icon_hover_bg_color": "",
                                                        "ekit_socialshare_label_text": "twitter",
                                                        "ekit_socialshare_icon_color": "#FFFFFF",
                                                        "__globals__": {
                                                            "ekit_socialshare_icon_bg_color": "globals\/colors?id=1988e30"
                                                        },
                                                        "_id": "41a7dc5"
                                                    },
                                                    {
                                                        "ekit_socialshare_icons": {
                                                            "value": "fab fa-linkedin-in",
                                                            "library": "fa-brands"
                                                        },
                                                        "ekit_socialshare_icon_hover_bg_color": "",
                                                        "ekit_socialshare_label_text": "linkedin",
                                                        "__globals__": {
                                                            "ekit_socialshare_icon_bg_color": "globals\/colors?id=1988e30",
                                                            "ekit_socialshare_icon_color": "globals\/colors?id=4ea2f0b"
                                                        },
                                                        "_id": "6f905cb"
                                                    }
                                                ],
                                                "ekit_socialshare_list_line_height": {
                                                    "unit": "px",
                                                    "size": 38,
                                                    "sizes": []
                                                },
                                                "ekit_socialshare_list_margin": {
                                                    "unit": "px",
                                                    "top": "8",
                                                    "right": "8",
                                                    "bottom": "8",
                                                    "left": "8",
                                                    "isLinked": true
                                                },
                                                "ekit_socialshare_list_align": "left",
                                                "ekit_socialshare_list_align_mobile": "center",
                                                "ekit_socialshare_list_item_width_mobile": {
                                                    "unit": "px",
                                                    "size": 34,
                                                    "sizes": []
                                                },
                                                "ekit_socialshare_list_item_height_mobile": {
                                                    "unit": "px",
                                                    "size": 34,
                                                    "sizes": []
                                                },
                                                "ekit_socialshare_list_line_height_mobile": {
                                                    "unit": "px",
                                                    "size": 32,
                                                    "sizes": []
                                                },
                                                "ekit_socialshare_list_icon_size_mobile": {
                                                    "unit": "px",
                                                    "size": 14,
                                                    "sizes": []
                                                },
                                                "_margin_mobile": {
                                                    "unit": "px",
                                                    "top": "10",
                                                    "right": "0",
                                                    "bottom": "0",
                                                    "left": "0",
                                                    "isLinked": false
                                                },
                                                "_element_width": "auto",
                                                "_element_width_mobile": "inherit",
                                                "_element_custom_width": {
                                                    "unit": "%",
                                                    "size": 50,
                                                    "sizes": []
                                                },
                                                "motion_fx_motion_fx_scrolling": "",
                                                "motion_fx_translateY_effect": "",
                                                "motion_fx_translateY_direction": "",
                                                "motion_fx_translateY_speed": {
                                                    "unit": "px",
                                                    "size": 4,
                                                    "sizes": []
                                                },
                                                "motion_fx_translateY_affectedRange": {
                                                    "unit": "%",
                                                    "size": "",
                                                    "sizes": {
                                                        "start": 0,
                                                        "end": 100
                                                    }
                                                },
                                                "motion_fx_translateX_effect": "",
                                                "motion_fx_translateX_direction": "",
                                                "motion_fx_translateX_speed": {
                                                    "unit": "px",
                                                    "size": 4,
                                                    "sizes": []
                                                },
                                                "motion_fx_translateX_affectedRange": {
                                                    "unit": "%",
                                                    "size": "",
                                                    "sizes": {
                                                        "start": 0,
                                                        "end": 100
                                                    }
                                                },
                                                "motion_fx_opacity_effect": "",
                                                "motion_fx_opacity_direction": "out-in",
                                                "motion_fx_opacity_level": {
                                                    "unit": "px",
                                                    "size": 10,
                                                    "sizes": []
                                                },
                                                "motion_fx_opacity_range": {
                                                    "unit": "%",
                                                    "size": "",
                                                    "sizes": {
                                                        "start": 20,
                                                        "end": 80
                                                    }
                                                },
                                                "motion_fx_blur_effect": "",
                                                "motion_fx_blur_direction": "out-in",
                                                "motion_fx_blur_level": {
                                                    "unit": "px",
                                                    "size": 7,
                                                    "sizes": []
                                                },
                                                "motion_fx_blur_range": {
                                                    "unit": "%",
                                                    "size": "",
                                                    "sizes": {
                                                        "start": 20,
                                                        "end": 80
                                                    }
                                                },
                                                "motion_fx_rotateZ_effect": "",
                                                "motion_fx_rotateZ_direction": "",
                                                "motion_fx_rotateZ_speed": {
                                                    "unit": "px",
                                                    "size": 1,
                                                    "sizes": []
                                                },
                                                "motion_fx_rotateZ_affectedRange": {
                                                    "unit": "%",
                                                    "size": "",
                                                    "sizes": {
                                                        "start": 0,
                                                        "end": 100
                                                    }
                                                },
                                                "motion_fx_scale_effect": "",
                                                "motion_fx_scale_direction": "out-in",
                                                "motion_fx_scale_speed": {
                                                    "unit": "px",
                                                    "size": 4,
                                                    "sizes": []
                                                },
                                                "motion_fx_scale_range": {
                                                    "unit": "%",
                                                    "size": "",
                                                    "sizes": {
                                                        "start": 20,
                                                        "end": 80
                                                    }
                                                },
                                                "motion_fx_transform_origin_x": "center",
                                                "motion_fx_transform_origin_y": "center",
                                                "motion_fx_devices": [
                                                    "desktop",
                                                    "tablet",
                                                    "mobile"
                                                ],
                                                "motion_fx_range": "",
                                                "motion_fx_motion_fx_mouse": "",
                                                "motion_fx_mouseTrack_effect": "",
                                                "motion_fx_mouseTrack_direction": "",
                                                "motion_fx_mouseTrack_speed": {
                                                    "unit": "px",
                                                    "size": 1,
                                                    "sizes": []
                                                },
                                                "motion_fx_tilt_effect": "",
                                                "motion_fx_tilt_direction": "",
                                                "motion_fx_tilt_speed": {
                                                    "unit": "px",
                                                    "size": 4,
                                                    "sizes": []
                                                },
                                                "sticky": "",
                                                "sticky_on": [
                                                    "desktop",
                                                    "tablet",
                                                    "mobile"
                                                ],
                                                "sticky_offset": 0,
                                                "sticky_effects_offset": 0,
                                                "sticky_parent": "",
                                                "_attributes": "",
                                                "custom_css": ""
                                            },
                                            "elements": [],
                                            "isInner": false,
                                            "widgetType": "elementskit-social-share",
                                            "elType": "widget"
                                        }
                                    ],
                                    "isInner": true,
                                    "elType": "column"
                                }
                            ],
                            "isInner": true,
                            "elType": "section"
                        }
                    ],
                    "isInner": false,
                    "elType": "column"
                },
                {
                    "id": "542c0a66",
                    "settings": {
                        "_column_size": 50,
                        "_inline_size": 34.956,
                        "margin": {
                            "unit": "px",
                            "top": "-160",
                            "right": "0",
                            "bottom": "0",
                            "left": "0",
                            "isLinked": false
                        },
                        "jet_sticky_column_sticky_enable": "",
                        "_inline_size_tablet": 100,
                        "margin_tablet": {
                            "unit": "px",
                            "top": "40",
                            "right": "0",
                            "bottom": "0",
                            "left": "0",
                            "isLinked": false
                        }
                    },
                    "elements": [
                        {
                            "id": "b7f2caf",
                            "settings": {
                                "image": {
                                    "url": "https:\/\/templatekit.jegtheme.com\/socca\/wp-content\/uploads\/sites\/54\/2021\/03\/sketch-of-trainer.jpg",
                                    "id": 563
                                },
                                "image_size": "full",
                                "opacity": {
                                    "unit": "px",
                                    "size": 1,
                                    "sizes": []
                                },
                                "css_filters_css_filter": "custom",
                                "css_filters_brightness": {
                                    "unit": "px",
                                    "size": 42,
                                    "sizes": []
                                }
                            },
                            "elements": [],
                            "isInner": false,
                            "widgetType": "image",
                            "elType": "widget"
                        },
                        {
                            "id": "bd9e495",
                            "settings": {
                                "ekit_video_popup_button_title": "Play Video",
                                "ekit_video_popup_button_icons": {
                                    "value": "icon icon-play-button",
                                    "library": "ekiticons"
                                },
                                "ekit_video_popup_url": "https:\/\/www.youtube.com\/watch?v=1MTkZPys7mU",
                                "ekit_video_popup_btn_line_height": {
                                    "unit": "px",
                                    "size": 44,
                                    "sizes": []
                                },
                                "ekit_video_popup_btn_bg_color_background": "classic",
                                "ekit_video_popup_btn_bg_color_color_b": "#011633",
                                "ekit_video_popup_btn_bg_hover_color_background": "classic",
                                "_margin": {
                                    "unit": "px",
                                    "top": "0",
                                    "right": "20",
                                    "bottom": "0",
                                    "left": "0",
                                    "isLinked": false
                                },
                                "_element_width": "inherit",
                                "__globals__": {
                                    "ekit_video_popup_btn_glow_color": "globals\/colors?id=4ea2f0b",
                                    "ekit_video_popup_btn_bg_color_color": "globals\/colors?id=4ea2f0b",
                                    "ekit_video_popup_btn_bg_hover_color_color": "",
                                    "ekit_video_popup_btn_bg_color_color_b": "",
                                    "ekit_video_popup_btn_text_color": "globals\/colors?id=1988e30"
                                },
                                "ekit_video_popup_title_align_mobile": "center",
                                "_position": "absolute",
                                "_offset_x": {
                                    "size": 0,
                                    "unit": "px"
                                },
                                "_offset_y": {
                                    "size": 95,
                                    "unit": "px"
                                },
                                "_offset_x_tablet": {
                                    "size": 1,
                                    "unit": "px"
                                },
                                "_offset_x_mobile": {
                                    "size": 0,
                                    "unit": "px"
                                },
                                "_offset_y_tablet": {
                                    "size": 207,
                                    "unit": "px"
                                },
                                "_offset_y_mobile": {
                                    "size": 68,
                                    "unit": "px"
                                },
                                "ekit_video_popup_text_padding": {
                                    "unit": "px",
                                    "top": "9",
                                    "right": "0",
                                    "bottom": "0",
                                    "left": "4",
                                    "isLinked": false
                                }
                            },
                            "elements": [],
                            "isInner": false,
                            "widgetType": "elementskit-video",
                            "elType": "widget"
                        },
                        {
                            "id": "2f32efa",
                            "settings": {
                                "background_background": "gradient",
                                "box_shadow_box_shadow_type": "yes",
                                "box_shadow_box_shadow": {
                                    "horizontal": 0,
                                    "vertical": 5,
                                    "blur": 25,
                                    "spread": 0,
                                    "color": "rgba(0, 0, 0, 0.1)"
                                },
                                "margin": {
                                    "unit": "px",
                                    "top": "-40",
                                    "right": 0,
                                    "bottom": "0",
                                    "left": 0,
                                    "isLinked": false
                                },
                                "padding": {
                                    "unit": "px",
                                    "top": "40",
                                    "right": "40",
                                    "bottom": "40",
                                    "left": "40",
                                    "isLinked": true
                                },
                                "padding_mobile": {
                                    "unit": "px",
                                    "top": "40",
                                    "right": "30",
                                    "bottom": "40",
                                    "left": "30",
                                    "isLinked": false
                                },
                                "gap": "no",
                                "background_color_stop": {
                                    "unit": "%",
                                    "size": 30,
                                    "sizes": []
                                },
                                "background_color_b_stop": {
                                    "unit": "%",
                                    "size": 0,
                                    "sizes": []
                                },
                                "background_gradient_angle": {
                                    "unit": "deg",
                                    "size": 130,
                                    "sizes": []
                                },
                                "__globals__": {
                                    "background_color": "globals\/colors?id=1988e30",
                                    "background_color_b": "globals\/colors?id=d34468b"
                                }
                            },
                            "elements": [
                                {
                                    "id": "61df747d",
                                    "settings": {
                                        "_column_size": 100,
                                        "_inline_size": null,
                                        "padding": {
                                            "unit": "px",
                                            "top": "0",
                                            "right": "0",
                                            "bottom": "0",
                                            "left": "0",
                                            "isLinked": false
                                        }
                                    },
                                    "elements": [
                                        {
                                            "id": "5038b414",
                                            "settings": {
                                                "text": "Join Now",
                                                "__globals__": {
                                                    "background_color": "globals\/colors?id=4ea2f0b",
                                                    "border_color": "",
                                                    "button_background_hover_color": "",
                                                    "hover_color": "",
                                                    "button_hover_border_color": "",
                                                    "typography_typography": "globals\/typography?id=3a56188",
                                                    "button_text_color": "globals\/colors?id=1988e30"
                                                },
                                                "border_radius": {
                                                    "unit": "px",
                                                    "top": "0",
                                                    "right": "0",
                                                    "bottom": "0",
                                                    "left": "0",
                                                    "isLinked": true
                                                },
                                                "text_padding": {
                                                    "unit": "px",
                                                    "top": "20",
                                                    "right": "32",
                                                    "bottom": "20",
                                                    "left": "32",
                                                    "isLinked": false
                                                },
                                                "align": "justify"
                                            },
                                            "elements": [],
                                            "isInner": false,
                                            "widgetType": "button",
                                            "elType": "widget"
                                        },
                                        {
                                            "id": "177e384",
                                            "settings": {
                                                "title": "This Academy Include",
                                                "__globals__": {
                                                    "title_color": "globals\/colors?id=4ea2f0b",
                                                    "typography_typography": "globals\/typography?id=1efc178"
                                                },
                                                "align_mobile": "center",
                                                "_margin": {
                                                    "unit": "px",
                                                    "top": "10",
                                                    "right": "0",
                                                    "bottom": "0",
                                                    "left": "0",
                                                    "isLinked": false
                                                },
                                                "header_size": "h5"
                                            },
                                            "elements": [],
                                            "isInner": false,
                                            "widgetType": "heading",
                                            "elType": "widget"
                                        },
                                        {
                                            "id": "1f12659a",
                                            "settings": {
                                                "icon_list": [
                                                    {
                                                        "text": "Basic Training",
                                                        "selected_icon": {
                                                            "value": "icon icon-spell-check",
                                                            "library": "ekiticons"
                                                        },
                                                        "_id": "446ddda"
                                                    },
                                                    {
                                                        "text": "Water & Consumption",
                                                        "selected_icon": {
                                                            "value": "icon icon-drink",
                                                            "library": "ekiticons"
                                                        },
                                                        "_id": "ac235e9"
                                                    },
                                                    {
                                                        "text": "Free 3 Basic Soccer Jersey",
                                                        "selected_icon": {
                                                            "value": "icon icon-shirt",
                                                            "library": "ekiticons"
                                                        },
                                                        "_id": "b16ca27"
                                                    },
                                                    {
                                                        "text": "Certificate of Completion ",
                                                        "selected_icon": {
                                                            "value": "icon icon-coins-2",
                                                            "library": "ekiticons"
                                                        },
                                                        "_id": "69e5a78"
                                                    }
                                                ],
                                                "space_between": {
                                                    "unit": "px",
                                                    "size": 5,
                                                    "sizes": []
                                                },
                                                "__globals__": {
                                                    "text_color": "globals\/colors?id=4ea2f0b",
                                                    "icon_color": "globals\/colors?id=4ea2f0b",
                                                    "icon_typography_typography": ""
                                                },
                                                "icon_align": "left",
                                                "text_indent": {
                                                    "unit": "px",
                                                    "size": 10,
                                                    "sizes": []
                                                },
                                                "icon_size_mobile": {
                                                    "unit": "px",
                                                    "size": 14,
                                                    "sizes": []
                                                },
                                                "icon_size": {
                                                    "unit": "px",
                                                    "size": 18,
                                                    "sizes": []
                                                }
                                            },
                                            "elements": [],
                                            "isInner": false,
                                            "widgetType": "icon-list",
                                            "elType": "widget"
                                        }
                                    ],
                                    "isInner": true,
                                    "elType": "column"
                                }
                            ],
                            "isInner": true,
                            "elType": "section"
                        }
                    ],
                    "isInner": false,
                    "elType": "column"
                }
            ],
            "isInner": false,
            "elType": "section"
        }
    ],
    "page_settings": {
        "eael_ext_toc_title": "Table of Contents",
        "template": "elementor_canvas"
    }
}