{
    "version": "0.4",
    "title": "Academy Program",
    "type": "page",
    "metadata": {
        "template_type": "single-page",
        "include_in_zip": "1",
        "elementor_pro_required": null,
        "wp_page_template": "elementor_canvas"
    },
    "content": [
        {
            "id": "3346633b",
            "settings": {
                "background_background": "classic",
                "background_image": {
                    "url": "https:\/\/templatekit.jegtheme.com\/socca\/wp-content\/uploads\/sites\/54\/2021\/03\/junior-team-holding-trophy.jpg",
                    "id": 453
                },
                "background_repeat": "no-repeat",
                "background_size": "cover",
                "background_overlay_background": "classic",
                "background_overlay_opacity": {
                    "unit": "px",
                    "size": 0.8,
                    "sizes": []
                },
                "padding": {
                    "unit": "px",
                    "top": "180",
                    "right": "0",
                    "bottom": "180",
                    "left": "0",
                    "isLinked": false
                },
                "background_position": "top center",
                "background_ypos": {
                    "unit": "%",
                    "size": 34,
                    "sizes": []
                },
                "background_position_mobile": "center center",
                "padding_tablet": {
                    "unit": "px",
                    "top": "140",
                    "right": "0",
                    "bottom": "140",
                    "left": "0",
                    "isLinked": false
                },
                "padding_mobile": {
                    "unit": "px",
                    "top": "100",
                    "right": "0",
                    "bottom": "100",
                    "left": "0",
                    "isLinked": false
                },
                "gap": "no",
                "shape_divider_bottom": "triangle",
                "shape_divider_bottom_height": {
                    "unit": "px",
                    "size": 70,
                    "sizes": []
                },
                "shape_divider_bottom_negative": "yes",
                "__globals__": {
                    "background_overlay_color": "globals\/colors?id=00e1299"
                }
            },
            "elements": [
                {
                    "id": "6db3604f",
                    "settings": {
                        "_column_size": 100,
                        "_inline_size": null,
                        "margin_tablet": {
                            "unit": "px",
                            "top": "0",
                            "right": "10",
                            "bottom": "0",
                            "left": "10",
                            "isLinked": false
                        }
                    },
                    "elements": [
                        {
                            "id": "6ce5cee2",
                            "settings": {
                                "title": "Our Academy Programs",
                                "__globals__": {
                                    "typography_typography": "globals\/typography?id=d7ffd59",
                                    "title_color": "globals\/colors?id=4ea2f0b"
                                },
                                "align": "center"
                            },
                            "elements": [],
                            "isInner": false,
                            "widgetType": "heading",
                            "elType": "widget"
                        }
                    ],
                    "isInner": false,
                    "elType": "column"
                }
            ],
            "isInner": false,
            "elType": "section"
        },
        {
            "id": "6cb13ce8",
            "settings": {
                "gap": "no",
                "padding": {
                    "unit": "px",
                    "top": "100",
                    "right": "0",
                    "bottom": "100",
                    "left": "0",
                    "isLinked": false
                },
                "background_background": "classic",
                "__globals__": {
                    "background_color": "globals\/colors?id=7049ee0"
                }
            },
            "elements": [
                {
                    "id": "60af8298",
                    "settings": {
                        "_column_size": 100,
                        "_inline_size": null,
                        "margin_tablet": {
                            "unit": "px",
                            "top": "0",
                            "right": "0",
                            "bottom": "0",
                            "left": "0",
                            "isLinked": false
                        },
                        "padding_tablet": {
                            "unit": "px",
                            "top": "0",
                            "right": "10",
                            "bottom": "0",
                            "left": "10",
                            "isLinked": false
                        }
                    },
                    "elements": [
                        {
                            "id": "ad172dc",
                            "settings": {
                                "gap": "no",
                                "margin": {
                                    "unit": "px",
                                    "top": "0",
                                    "right": 0,
                                    "bottom": "0",
                                    "left": 0,
                                    "isLinked": false
                                },
                                "content_width": {
                                    "unit": "px",
                                    "size": 700,
                                    "sizes": []
                                },
                                "padding": {
                                    "unit": "px",
                                    "top": "0",
                                    "right": "0",
                                    "bottom": "40",
                                    "left": "0",
                                    "isLinked": false
                                }
                            },
                            "elements": [
                                {
                                    "id": "46bae53f",
                                    "settings": {
                                        "_column_size": 100,
                                        "_inline_size": null,
                                        "margin": {
                                            "unit": "px",
                                            "top": "0",
                                            "right": "0",
                                            "bottom": "0",
                                            "left": "0",
                                            "isLinked": false
                                        },
                                        "space_between_widgets": 30,
                                        "padding": {
                                            "unit": "px",
                                            "top": "0",
                                            "right": "0",
                                            "bottom": "0",
                                            "left": "0",
                                            "isLinked": false
                                        },
                                        "margin_mobile": {
                                            "unit": "px",
                                            "top": "0",
                                            "right": "0",
                                            "bottom": "30",
                                            "left": "0",
                                            "isLinked": false
                                        }
                                    },
                                    "elements": [
                                        {
                                            "id": "6af56a6b",
                                            "settings": {
                                                "title": "Our Popular Soccer Academy",
                                                "align": "center",
                                                "__globals__": {
                                                    "typography_typography": "globals\/typography?id=d7ffd59",
                                                    "title_color": "globals\/colors?id=00e1299"
                                                }
                                            },
                                            "elements": [],
                                            "isInner": false,
                                            "widgetType": "heading",
                                            "elType": "widget"
                                        },
                                        {
                                            "id": "73a7542",
                                            "settings": {
                                                "editor": "Lorem ipsum dolor sit amet, consectetuer adipiscing elit. Aenean commodo ligula eget dolor. Aenean massa. Cum sociis natoque penatibus et magnis dis parturient montes.",
                                                "align": "center"
                                            },
                                            "elements": [],
                                            "isInner": false,
                                            "widgetType": "text-editor",
                                            "elType": "widget"
                                        }
                                    ],
                                    "isInner": true,
                                    "elType": "column"
                                }
                            ],
                            "isInner": true,
                            "elType": "section"
                        },
                        {
                            "id": "49298e8a",
                            "settings": {
                                "gap": "no",
                                "structure": "30",
                                "margin": {
                                    "unit": "px",
                                    "top": "0",
                                    "right": 0,
                                    "bottom": "0",
                                    "left": 0,
                                    "isLinked": false
                                }
                            },
                            "elements": [
                                {
                                    "id": "48966d2b",
                                    "settings": {
                                        "_column_size": 33,
                                        "_inline_size": null,
                                        "margin": {
                                            "unit": "px",
                                            "top": "0",
                                            "right": "20",
                                            "bottom": "0",
                                            "left": "0",
                                            "isLinked": false
                                        },
                                        "space_between_widgets": 30,
                                        "padding": {
                                            "unit": "px",
                                            "top": "0",
                                            "right": "0",
                                            "bottom": "0",
                                            "left": "0",
                                            "isLinked": false
                                        },
                                        "margin_mobile": {
                                            "unit": "px",
                                            "top": "0",
                                            "right": "0",
                                            "bottom": "30",
                                            "left": "0",
                                            "isLinked": false
                                        }
                                    },
                                    "elements": [
                                        {
                                            "id": "7b5cf34d",
                                            "settings": {
                                                "sg_image_choose": {
                                                    "url": "https:\/\/templatekit.jegtheme.com\/socca\/wp-content\/uploads\/sites\/54\/2021\/03\/portrait-of-womens-football-team-training-for-soccer-match-on-outdoor-astro-turf-pitch.jpg",
                                                    "id": 369
                                                },
                                                "sg_image_image_size_imagesize_size": "full",
                                                "sg_body_title": "Woman Academy",
                                                "sg_body_title_tag": "h5",
                                                "sg_body_description": "Lorem ipsum dolor sit amet, consectetur adipiscing elit, sed do eiusmod.",
                                                "sg_body_alignment_responsive": "left",
                                                "sg_button_enable": "yes",
                                                "sg_button_label": "Learn More",
                                                "sg_button_icon": {
                                                    "value": "fas fa-chevron-right",
                                                    "library": "fa-solid"
                                                },
                                                "sg_button_icon_position": "after",
                                                "st_image_padding_responsive": {
                                                    "unit": "px",
                                                    "top": "0",
                                                    "right": "0",
                                                    "bottom": "0",
                                                    "left": "0",
                                                    "isLinked": false
                                                },
                                                "st_body_type_background_background": "classic",
                                                "st_body_boxshadow_box_shadow_box_shadow_type": "yes",
                                                "st_body_boxshadow_box_shadow_box_shadow": {
                                                    "horizontal": 0,
                                                    "vertical": 0,
                                                    "blur": 0,
                                                    "spread": 0,
                                                    "color": "rgba(0, 0, 0, 0)"
                                                },
                                                "st_body_padding_responsive": {
                                                    "unit": "px",
                                                    "top": "0",
                                                    "right": "0",
                                                    "bottom": "0",
                                                    "left": "0",
                                                    "isLinked": false
                                                },
                                                "st_body_title_margin_responsive": {
                                                    "unit": "px",
                                                    "top": "20",
                                                    "right": "0",
                                                    "bottom": "5",
                                                    "left": "0",
                                                    "isLinked": false
                                                },
                                                "st_body_description_margin_responsive": {
                                                    "unit": "px",
                                                    "top": "0",
                                                    "right": "0",
                                                    "bottom": "15",
                                                    "left": "0",
                                                    "isLinked": false
                                                },
                                                "st_button_icon_spacing_responsive": {
                                                    "unit": "px",
                                                    "size": 11,
                                                    "sizes": []
                                                },
                                                "st_button_padding_responsive": {
                                                    "unit": "px",
                                                    "top": "0",
                                                    "right": "0",
                                                    "bottom": "0",
                                                    "left": "0",
                                                    "isLinked": false
                                                },
                                                "st_button_normal_background_background_background": "classic",
                                                "st_button_normal_background_background_color": "#02010100",
                                                "_padding": {
                                                    "unit": "px",
                                                    "top": "20",
                                                    "right": "20",
                                                    "bottom": "30",
                                                    "left": "20",
                                                    "isLinked": false
                                                },
                                                "_background_background": "classic",
                                                "_box_shadow_box_shadow_type": "yes",
                                                "_box_shadow_box_shadow": {
                                                    "horizontal": 0,
                                                    "vertical": 5,
                                                    "blur": 10,
                                                    "spread": 0,
                                                    "color": "rgba(0, 0, 0, 0.1)"
                                                },
                                                "__globals__": {
                                                    "st_body_title_typography_content_typography_typography": "globals\/typography?id=1efc178",
                                                    "st_body_title_normal_color_responsive": "globals\/colors?id=00e1299",
                                                    "st_body_description_typography_content_typography_typography": "globals\/typography?id=2387553",
                                                    "st_body_type_background_color": "globals\/colors?id=4ea2f0b",
                                                    "st_body_description_normal_color_responsive": "globals\/colors?id=00e1299",
                                                    "st_button_typography_content_typography_typography": "globals\/typography?id=3a56188",
                                                    "st_button_normal_color_responsive": "globals\/colors?id=1988e30",
                                                    "_background_color": "globals\/colors?id=4ea2f0b"
                                                }
                                            },
                                            "elements": [],
                                            "isInner": false,
                                            "widgetType": "jkit_image_box",
                                            "elType": "widget"
                                        }
                                    ],
                                    "isInner": true,
                                    "elType": "column"
                                },
                                {
                                    "id": "7168a560",
                                    "settings": {
                                        "_column_size": 33,
                                        "_inline_size": null,
                                        "margin": {
                                            "unit": "px",
                                            "top": "0",
                                            "right": "10",
                                            "bottom": "0",
                                            "left": "10",
                                            "isLinked": false
                                        },
                                        "padding": {
                                            "unit": "px",
                                            "top": "0",
                                            "right": "0",
                                            "bottom": "0",
                                            "left": "0",
                                            "isLinked": false
                                        },
                                        "space_between_widgets": 30,
                                        "margin_mobile": {
                                            "unit": "px",
                                            "top": "0",
                                            "right": "0",
                                            "bottom": "30",
                                            "left": "0",
                                            "isLinked": false
                                        }
                                    },
                                    "elements": [
                                        {
                                            "id": "1eedd45a",
                                            "settings": {
                                                "sg_image_choose": {
                                                    "url": "https:\/\/templatekit.jegtheme.com\/socca\/wp-content\/uploads\/sites\/54\/2021\/02\/portrait-of-male-high-school-students-playing-in-soccer-team.jpg",
                                                    "id": 70
                                                },
                                                "sg_image_image_size_imagesize_size": "full",
                                                "sg_body_title": "U-18 Junior Academy",
                                                "sg_body_title_tag": "h5",
                                                "sg_body_description": "Lorem ipsum dolor sit amet, consectetur adipiscing elit, sed do eiusmod.",
                                                "sg_body_alignment_responsive": "left",
                                                "sg_button_enable": "yes",
                                                "sg_button_label": "Learn More",
                                                "sg_button_icon": {
                                                    "value": "fas fa-chevron-right",
                                                    "library": "fa-solid"
                                                },
                                                "sg_button_icon_position": "after",
                                                "st_image_padding_responsive": {
                                                    "unit": "px",
                                                    "top": "0",
                                                    "right": "0",
                                                    "bottom": "0",
                                                    "left": "0",
                                                    "isLinked": false
                                                },
                                                "st_body_type_background_background": "classic",
                                                "st_body_boxshadow_box_shadow_box_shadow_type": "yes",
                                                "st_body_boxshadow_box_shadow_box_shadow": {
                                                    "horizontal": 0,
                                                    "vertical": 0,
                                                    "blur": 0,
                                                    "spread": 0,
                                                    "color": "rgba(0, 0, 0, 0)"
                                                },
                                                "st_body_padding_responsive": {
                                                    "unit": "px",
                                                    "top": "0",
                                                    "right": "0",
                                                    "bottom": "0",
                                                    "left": "0",
                                                    "isLinked": false
                                                },
                                                "st_body_title_margin_responsive": {
                                                    "unit": "px",
                                                    "top": "20",
                                                    "right": "0",
                                                    "bottom": "5",
                                                    "left": "0",
                                                    "isLinked": false
                                                },
                                                "st_body_description_margin_responsive": {
                                                    "unit": "px",
                                                    "top": "0",
                                                    "right": "0",
                                                    "bottom": "15",
                                                    "left": "0",
                                                    "isLinked": false
                                                },
                                                "st_button_icon_spacing_responsive": {
                                                    "unit": "px",
                                                    "size": 11,
                                                    "sizes": []
                                                },
                                                "st_button_padding_responsive": {
                                                    "unit": "px",
                                                    "top": "0",
                                                    "right": "0",
                                                    "bottom": "0",
                                                    "left": "0",
                                                    "isLinked": false
                                                },
                                                "st_button_normal_background_background_background": "classic",
                                                "st_button_normal_background_background_color": "#02010100",
                                                "_padding": {
                                                    "unit": "px",
                                                    "top": "20",
                                                    "right": "20",
                                                    "bottom": "30",
                                                    "left": "20",
                                                    "isLinked": false
                                                },
                                                "_background_background": "classic",
                                                "_box_shadow_box_shadow_type": "yes",
                                                "_box_shadow_box_shadow": {
                                                    "horizontal": 0,
                                                    "vertical": 5,
                                                    "blur": 10,
                                                    "spread": 0,
                                                    "color": "rgba(0, 0, 0, 0.1)"
                                                },
                                                "__globals__": {
                                                    "st_body_title_typography_content_typography_typography": "globals\/typography?id=1efc178",
                                                    "st_body_title_normal_color_responsive": "globals\/colors?id=00e1299",
                                                    "st_body_description_typography_content_typography_typography": "",
                                                    "st_body_type_background_color": "globals\/colors?id=4ea2f0b",
                                                    "st_body_description_normal_color_responsive": "globals\/colors?id=00e1299",
                                                    "st_button_typography_content_typography_typography": "globals\/typography?id=3a56188",
                                                    "st_button_normal_color_responsive": "globals\/colors?id=1988e30",
                                                    "_background_color": "globals\/colors?id=4ea2f0b"
                                                }
                                            },
                                            "elements": [],
                                            "isInner": false,
                                            "widgetType": "jkit_image_box",
                                            "elType": "widget"
                                        }
                                    ],
                                    "isInner": true,
                                    "elType": "column"
                                },
                                {
                                    "id": "6c48f78f",
                                    "settings": {
                                        "_column_size": 33,
                                        "_inline_size": null,
                                        "margin": {
                                            "unit": "px",
                                            "top": "0",
                                            "right": "0",
                                            "bottom": "0",
                                            "left": "20",
                                            "isLinked": false
                                        },
                                        "padding": {
                                            "unit": "px",
                                            "top": "0",
                                            "right": "0",
                                            "bottom": "0",
                                            "left": "0",
                                            "isLinked": false
                                        },
                                        "space_between_widgets": 30,
                                        "margin_mobile": {
                                            "unit": "px",
                                            "top": "0",
                                            "right": "0",
                                            "bottom": "0",
                                            "left": "0",
                                            "isLinked": false
                                        }
                                    },
                                    "elements": [
                                        {
                                            "id": "5d92885b",
                                            "settings": {
                                                "sg_image_choose": {
                                                    "url": "https:\/\/templatekit.jegtheme.com\/socca\/wp-content\/uploads\/sites\/54\/2021\/03\/football-team.jpg",
                                                    "id": 449
                                                },
                                                "sg_image_image_size_imagesize_size": "full",
                                                "sg_body_title": "Senior Football Club",
                                                "sg_body_title_tag": "h5",
                                                "sg_body_description": "Lorem ipsum dolor sit amet, consectetur adipiscing elit, sed do eiusmod.",
                                                "sg_body_alignment_responsive": "left",
                                                "sg_button_enable": "yes",
                                                "sg_button_label": "Learn More",
                                                "sg_button_icon": {
                                                    "value": "fas fa-chevron-right",
                                                    "library": "fa-solid"
                                                },
                                                "sg_button_icon_position": "after",
                                                "st_image_padding_responsive": {
                                                    "unit": "px",
                                                    "top": "0",
                                                    "right": "0",
                                                    "bottom": "0",
                                                    "left": "0",
                                                    "isLinked": false
                                                },
                                                "st_body_type_background_background": "classic",
                                                "st_body_boxshadow_box_shadow_box_shadow_type": "yes",
                                                "st_body_boxshadow_box_shadow_box_shadow": {
                                                    "horizontal": 0,
                                                    "vertical": 0,
                                                    "blur": 0,
                                                    "spread": 0,
                                                    "color": "rgba(0, 0, 0, 0)"
                                                },
                                                "st_body_padding_responsive": {
                                                    "unit": "px",
                                                    "top": "0",
                                                    "right": "0",
                                                    "bottom": "0",
                                                    "left": "0",
                                                    "isLinked": false
                                                },
                                                "st_body_title_margin_responsive": {
                                                    "unit": "px",
                                                    "top": "20",
                                                    "right": "0",
                                                    "bottom": "5",
                                                    "left": "0",
                                                    "isLinked": false
                                                },
                                                "st_body_description_margin_responsive": {
                                                    "unit": "px",
                                                    "top": "0",
                                                    "right": "0",
                                                    "bottom": "15",
                                                    "left": "0",
                                                    "isLinked": false
                                                },
                                                "st_button_icon_spacing_responsive": {
                                                    "unit": "px",
                                                    "size": 11,
                                                    "sizes": []
                                                },
                                                "st_button_padding_responsive": {
                                                    "unit": "px",
                                                    "top": "0",
                                                    "right": "0",
                                                    "bottom": "0",
                                                    "left": "0",
                                                    "isLinked": false
                                                },
                                                "st_button_normal_background_background_background": "classic",
                                                "st_button_normal_background_background_color": "#02010100",
                                                "_padding": {
                                                    "unit": "px",
                                                    "top": "20",
                                                    "right": "20",
                                                    "bottom": "30",
                                                    "left": "20",
                                                    "isLinked": false
                                                },
                                                "_background_background": "classic",
                                                "_box_shadow_box_shadow_type": "yes",
                                                "_box_shadow_box_shadow": {
                                                    "horizontal": 0,
                                                    "vertical": 5,
                                                    "blur": 10,
                                                    "spread": 0,
                                                    "color": "rgba(0, 0, 0, 0.1)"
                                                },
                                                "__globals__": {
                                                    "st_body_title_typography_content_typography_typography": "globals\/typography?id=1efc178",
                                                    "st_body_title_normal_color_responsive": "globals\/colors?id=00e1299",
                                                    "st_body_description_typography_content_typography_typography": "globals\/typography?id=2387553",
                                                    "st_body_type_background_color": "globals\/colors?id=4ea2f0b",
                                                    "st_body_description_normal_color_responsive": "globals\/colors?id=00e1299",
                                                    "st_button_typography_content_typography_typography": "globals\/typography?id=3a56188",
                                                    "st_button_normal_color_responsive": "globals\/colors?id=1988e30",
                                                    "_background_color": "globals\/colors?id=4ea2f0b"
                                                }
                                            },
                                            "elements": [],
                                            "isInner": false,
                                            "widgetType": "jkit_image_box",
                                            "elType": "widget"
                                        }
                                    ],
                                    "isInner": true,
                                    "elType": "column"
                                }
                            ],
                            "isInner": true,
                            "elType": "section"
                        }
                    ],
                    "isInner": false,
                    "elType": "column"
                }
            ],
            "isInner": false,
            "elType": "section"
        },
        {
            "id": "ae81bc9",
            "settings": {
                "layout": "full_width",
                "background_background": "gradient",
                "padding": {
                    "unit": "px",
                    "top": "100",
                    "right": "0",
                    "bottom": "0",
                    "left": "0",
                    "isLinked": false
                },
                "padding_tablet": {
                    "unit": "px",
                    "top": "80",
                    "right": "0",
                    "bottom": "0",
                    "left": "0",
                    "isLinked": false
                },
                "padding_mobile": {
                    "unit": "px",
                    "top": "40",
                    "right": "0",
                    "bottom": "0",
                    "left": "0",
                    "isLinked": false
                },
                "__globals__": {
                    "background_color": "globals\/colors?id=1988e30",
                    "background_color_b": "globals\/colors?id=d34468b"
                },
                "background_color_stop": {
                    "unit": "%",
                    "size": 52,
                    "sizes": []
                },
                "background_color_b_stop": {
                    "unit": "%",
                    "size": 0,
                    "sizes": []
                },
                "background_gradient_angle": {
                    "unit": "deg",
                    "size": 140,
                    "sizes": []
                }
            },
            "elements": [
                {
                    "id": "334457e7",
                    "settings": {
                        "_column_size": 100,
                        "_inline_size": null,
                        "padding": {
                            "unit": "px",
                            "top": "0",
                            "right": "0",
                            "bottom": "0",
                            "left": "0",
                            "isLinked": false
                        },
                        "padding_mobile": {
                            "unit": "px",
                            "top": "0",
                            "right": "0",
                            "bottom": "0",
                            "left": "0",
                            "isLinked": false
                        }
                    },
                    "elements": [
                        {
                            "id": "4c69a5a",
                            "settings": {
                                "editor": "Join Our Team",
                                "__globals__": {
                                    "text_color": "globals\/colors?id=4ea2f0b",
                                    "typography_typography": "globals\/typography?id=1260556"
                                },
                                "align": "center"
                            },
                            "elements": [],
                            "isInner": false,
                            "widgetType": "text-editor",
                            "elType": "widget"
                        },
                        {
                            "id": "73637bf1",
                            "settings": {
                                "title": "Our Gallery",
                                "align": "center",
                                "__globals__": {
                                    "title_color": "",
                                    "typography_typography": "globals\/typography?id=d7ffd59"
                                },
                                "title_color": "#FFFFFF",
                                "_margin": {
                                    "unit": "px",
                                    "top": "0",
                                    "right": "0",
                                    "bottom": "30",
                                    "left": "0",
                                    "isLinked": false
                                }
                            },
                            "elements": [],
                            "isInner": false,
                            "widgetType": "heading",
                            "elType": "widget"
                        },
                        {
                            "id": "42753e20",
                            "settings": {
                                "sg_setting_link_to": "lightbox",
                                "sg_filter_all_label": "All",
                                "sg_filter_list": [
                                    {
                                        "sg_filter_list_name": "Gallery Item",
                                        "_id": "295dc7d"
                                    }
                                ],
                                "sg_gallery_list": [
                                    {
                                        "sg_gallery_list_image": {
                                            "url": "https:\/\/templatekit.jegtheme.com\/socca\/wp-content\/uploads\/sites\/54\/2021\/02\/united-junior-team.jpg",
                                            "id": 72
                                        },
                                        "_id": "7bb46b3"
                                    },
                                    {
                                        "sg_gallery_list_image": {
                                            "url": "https:\/\/templatekit.jegtheme.com\/socca\/wp-content\/uploads\/sites\/54\/2021\/02\/portrait-of-male-high-school-students-playing-in-soccer-team.jpg",
                                            "id": 70
                                        },
                                        "_id": "568ba20"
                                    },
                                    {
                                        "sg_gallery_list_image": {
                                            "url": "https:\/\/templatekit.jegtheme.com\/socca\/wp-content\/uploads\/sites\/54\/2021\/02\/womens-football-team-run-whilst-training-for-soccer-match-on-outdoor-astro-turf-pitch.jpg",
                                            "id": 63
                                        },
                                        "_id": "53543ef"
                                    },
                                    {
                                        "sg_gallery_list_image": {
                                            "url": "https:\/\/templatekit.jegtheme.com\/socca\/wp-content\/uploads\/sites\/54\/2021\/02\/soccer-team-player-wearing-red-sport-suit-standing-in-green-field-indoor-stadium-closeup-background.jpg",
                                            "id": 51
                                        },
                                        "_id": "6c105cd"
                                    },
                                    {
                                        "sg_gallery_list_image": {
                                            "url": "https:\/\/templatekit.jegtheme.com\/socca\/wp-content\/uploads\/sites\/54\/2021\/02\/two-kids-playing-football.jpg",
                                            "id": 53
                                        },
                                        "_id": "3c48700"
                                    },
                                    {
                                        "sg_gallery_list_image": {
                                            "url": "https:\/\/templatekit.jegtheme.com\/socca\/wp-content\/uploads\/sites\/54\/2021\/02\/athletic-soccer-player-kicking-ball-on-soccer-pitch.jpg",
                                            "id": 8
                                        },
                                        "_id": "5ff3381"
                                    }
                                ],
                                "sg_loadmore_button_text": "Load More",
                                "sg_loadmore_nomore_text": "No More Item",
                                "st_container_padding_responsive": {
                                    "unit": "px",
                                    "top": "0",
                                    "right": "0",
                                    "bottom": "0",
                                    "left": "0",
                                    "isLinked": false
                                },
                                "st_container_margin_responsive": {
                                    "unit": "px",
                                    "top": "0",
                                    "right": "0",
                                    "bottom": "0",
                                    "left": "0",
                                    "isLinked": false
                                },
                                "st_container_border_radius_responsive": {
                                    "unit": "px",
                                    "top": "0",
                                    "right": "0",
                                    "bottom": "0",
                                    "left": "0",
                                    "isLinked": false
                                },
                                "st_control_padding_responsive": {
                                    "unit": "px",
                                    "top": "0",
                                    "right": "0",
                                    "bottom": "0",
                                    "left": "0",
                                    "isLinked": false
                                },
                                "st_control_margin_responsive": {
                                    "unit": "px",
                                    "top": "0",
                                    "right": "0",
                                    "bottom": "0",
                                    "left": "0",
                                    "isLinked": false
                                },
                                "st_item_padding_responsive": {
                                    "unit": "px",
                                    "top": "0",
                                    "right": "0",
                                    "bottom": "0",
                                    "left": "0",
                                    "isLinked": false
                                },
                                "st_item_margin_responsive": {
                                    "unit": "px",
                                    "top": "0",
                                    "right": "0",
                                    "bottom": "0",
                                    "left": "0",
                                    "isLinked": false
                                },
                                "st_item_hover_background_background_background": "classic",
                                "st_item_hover_opacity_responsive": {
                                    "unit": "px",
                                    "size": 0.6,
                                    "sizes": []
                                },
                                "st_search_form_placeholder": "Search Gallery Item...",
                                "_margin": {
                                    "unit": "px",
                                    "top": "0",
                                    "right": "0",
                                    "bottom": "-15",
                                    "left": "0",
                                    "isLinked": false
                                },
                                "_padding": {
                                    "unit": "px",
                                    "top": "0",
                                    "right": "0",
                                    "bottom": "0",
                                    "left": "0",
                                    "isLinked": false
                                },
                                "__globals__": {
                                    "st_item_hover_background_background_color": "globals\/colors?id=00e1299"
                                },
                                "sg_setting_image_height_responsive_mobile": {
                                    "unit": "px",
                                    "size": 160,
                                    "sizes": []
                                }
                            },
                            "elements": [],
                            "isInner": false,
                            "widgetType": "jkit_gallery",
                            "elType": "widget"
                        }
                    ],
                    "isInner": false,
                    "elType": "column"
                }
            ],
            "isInner": false,
            "elType": "section"
        },
        {
            "id": "69961d51",
            "settings": {
                "content_width": {
                    "unit": "px",
                    "size": 731,
                    "sizes": []
                },
                "background_background": "classic",
                "background_image": {
                    "url": "https:\/\/templatekit.jegtheme.com\/socca\/wp-content\/uploads\/sites\/54\/2021\/02\/soccer-team-player-wearing-red-sport-suit-standing-in-green-field-indoor-stadium-closeup-background.jpg",
                    "id": 51
                },
                "background_attachment": "fixed",
                "background_repeat": "no-repeat",
                "background_size": "cover",
                "background_overlay_background": "classic",
                "background_overlay_color": "#180000",
                "background_overlay_opacity": {
                    "unit": "px",
                    "size": 0.7,
                    "sizes": []
                },
                "padding": {
                    "unit": "px",
                    "top": "140",
                    "right": "0",
                    "bottom": "140",
                    "left": "0",
                    "isLinked": false
                },
                "padding_tablet": {
                    "unit": "px",
                    "top": "80",
                    "right": "0",
                    "bottom": "80",
                    "left": "0",
                    "isLinked": false
                },
                "padding_mobile": {
                    "unit": "px",
                    "top": "40",
                    "right": "0",
                    "bottom": "40",
                    "left": "0",
                    "isLinked": false
                },
                "background_ypos": {
                    "unit": "%",
                    "size": 0,
                    "sizes": []
                },
                "gap": "no",
                "background_overlay_color_stop": {
                    "unit": "%",
                    "size": 89,
                    "sizes": []
                },
                "background_overlay_color_b_stop": {
                    "unit": "%",
                    "size": 0,
                    "sizes": []
                },
                "background_overlay_gradient_angle": {
                    "unit": "deg",
                    "size": 320,
                    "sizes": []
                },
                "__globals__": {
                    "background_overlay_color_b": "globals\/colors?id=d34468b"
                },
                "margin_tablet": {
                    "unit": "px",
                    "top": "0",
                    "right": 0,
                    "bottom": "0",
                    "left": 0,
                    "isLinked": false
                }
            },
            "elements": [
                {
                    "id": "2f2e18a6",
                    "settings": {
                        "_column_size": 100,
                        "_inline_size": null
                    },
                    "elements": [
                        {
                            "id": "2db26298",
                            "settings": {
                                "editor": "Join Our Team",
                                "__globals__": {
                                    "text_color": "",
                                    "typography_typography": "globals\/typography?id=1260556"
                                },
                                "align": "center",
                                "text_color": "#FFFFFF"
                            },
                            "elements": [],
                            "isInner": false,
                            "widgetType": "text-editor",
                            "elType": "widget"
                        },
                        {
                            "id": "5170ee94",
                            "settings": {
                                "ekit_heading_title": "Being The Number {{#1}} is Our True Goals",
                                "ekit_heading_sub_title": "Time has changed",
                                "shadow_text_content": "bussiness",
                                "ekit_heading_show_seperator": "",
                                "ekit_heading_title_align": "text_center",
                                "ekit_heading_title_color": "#FFFFFF",
                                "__globals__": {
                                    "ekit_heading_focused_title_color": "globals\/colors?id=1988e30",
                                    "ekit_heading_title_typography_typography": "globals\/typography?id=d7ffd59",
                                    "ekit_heading_focused_title_typography_typography": "globals\/typography?id=d7ffd59"
                                }
                            },
                            "elements": [],
                            "isInner": false,
                            "widgetType": "elementskit-heading",
                            "elType": "widget"
                        },
                        {
                            "id": "468ad3f0",
                            "settings": {
                                "text": "Join Now",
                                "align": "center",
                                "text_padding": {
                                    "unit": "px",
                                    "top": "20",
                                    "right": "32",
                                    "bottom": "20",
                                    "left": "32",
                                    "isLinked": false
                                },
                                "_margin": {
                                    "unit": "px",
                                    "top": "0",
                                    "right": "0",
                                    "bottom": "0",
                                    "left": "0",
                                    "isLinked": false
                                },
                                "__globals__": {
                                    "background_color": "",
                                    "button_background_hover_color": "",
                                    "typography_typography": "globals\/typography?id=3a56188"
                                },
                                "background_color": "#C70101",
                                "border_radius": {
                                    "unit": "px",
                                    "top": "0",
                                    "right": "0",
                                    "bottom": "0",
                                    "left": "0",
                                    "isLinked": true
                                }
                            },
                            "elements": [],
                            "isInner": false,
                            "widgetType": "button",
                            "elType": "widget"
                        }
                    ],
                    "isInner": false,
                    "elType": "column"
                }
            ],
            "isInner": false,
            "elType": "section"
        }
    ],
    "page_settings": {
        "eael_ext_toc_title": "Table of Contents",
        "template": "elementor_canvas"
    }
}