{
    "version": "0.4",
    "title": "Contact Us",
    "type": "page",
    "metadata": {
        "template_type": "single-page",
        "include_in_zip": "1",
        "elementor_pro_required": null,
        "wp_page_template": "elementor_canvas"
    },
    "content": [
        {
            "id": "2e51fd7e",
            "settings": {
                "background_background": "classic",
                "background_image": {
                    "url": "https:\/\/templatekit.jegtheme.com\/socca\/wp-content\/uploads\/sites\/54\/2021\/03\/soccer-field-e1615433565401.jpg",
                    "id": 673
                },
                "background_repeat": "no-repeat",
                "background_size": "cover",
                "background_overlay_background": "classic",
                "background_overlay_opacity": {
                    "unit": "px",
                    "size": 0.8,
                    "sizes": []
                },
                "padding": {
                    "unit": "px",
                    "top": "180",
                    "right": "0",
                    "bottom": "180",
                    "left": "0",
                    "isLinked": false
                },
                "background_position": "center center",
                "background_ypos": {
                    "unit": "%",
                    "size": 34,
                    "sizes": []
                },
                "background_position_mobile": "center center",
                "padding_tablet": {
                    "unit": "px",
                    "top": "140",
                    "right": "0",
                    "bottom": "140",
                    "left": "0",
                    "isLinked": false
                },
                "padding_mobile": {
                    "unit": "px",
                    "top": "100",
                    "right": "0",
                    "bottom": "100",
                    "left": "0",
                    "isLinked": false
                },
                "gap": "no",
                "__globals__": {
                    "background_overlay_color": "globals\/colors?id=00e1299",
                    "shape_divider_bottom_color": "globals\/colors?id=7049ee0"
                },
                "shape_divider_bottom": "triangle",
                "shape_divider_bottom_height": {
                    "unit": "px",
                    "size": 70,
                    "sizes": []
                },
                "shape_divider_bottom_negative": "yes"
            },
            "elements": [
                {
                    "id": "68d1683f",
                    "settings": {
                        "_column_size": 100,
                        "_inline_size": null,
                        "padding": {
                            "unit": "px",
                            "top": "0",
                            "right": "10",
                            "bottom": "0",
                            "left": "10",
                            "isLinked": false
                        }
                    },
                    "elements": [
                        {
                            "id": "4bacac37",
                            "settings": {
                                "title": "Contact Us",
                                "__globals__": {
                                    "typography_typography": "globals\/typography?id=d7ffd59",
                                    "title_color": "globals\/colors?id=4ea2f0b"
                                },
                                "align": "center"
                            },
                            "elements": [],
                            "isInner": false,
                            "widgetType": "heading",
                            "elType": "widget"
                        }
                    ],
                    "isInner": false,
                    "elType": "column"
                }
            ],
            "isInner": false,
            "elType": "section"
        },
        {
            "id": "346c009b",
            "settings": {
                "structure": "20",
                "background_image": {
                    "url": "https:\/\/templatekit.jegtheme.com\/italk\/wp-content\/uploads\/sites\/71\/2020\/12\/3440061.jpg",
                    "id": "652"
                },
                "background_repeat": "no-repeat",
                "background_size": "cover",
                "background_overlay_color": "#F4F4FB",
                "background_overlay_opacity": {
                    "unit": "px",
                    "size": "0.94",
                    "sizes": []
                },
                "padding": {
                    "unit": "px",
                    "top": "120",
                    "right": "0",
                    "bottom": "100",
                    "left": "0",
                    "isLinked": ""
                },
                "z_index": "1",
                "padding_tablet": {
                    "unit": "px",
                    "top": "80",
                    "right": "0",
                    "bottom": "80",
                    "left": "0",
                    "isLinked": ""
                },
                "padding_mobile": {
                    "unit": "px",
                    "top": "70",
                    "right": "0",
                    "bottom": "70",
                    "left": "0",
                    "isLinked": ""
                },
                "__globals__": {
                    "background_overlay_color": ""
                },
                "gap": "no"
            },
            "elements": [
                {
                    "id": "632f840",
                    "settings": {
                        "_column_size": "50",
                        "_inline_size": "60",
                        "margin": {
                            "unit": "px",
                            "top": "0",
                            "right": "100",
                            "bottom": "0",
                            "left": "0",
                            "isLinked": ""
                        },
                        "_inline_size_tablet": "100",
                        "margin_tablet": {
                            "unit": "px",
                            "top": "0",
                            "right": "10",
                            "bottom": "50",
                            "left": "10",
                            "isLinked": ""
                        },
                        "margin_mobile": {
                            "unit": "px",
                            "top": "0",
                            "right": "10",
                            "bottom": "50",
                            "left": "10",
                            "isLinked": ""
                        },
                        "content_position": "center"
                    },
                    "elements": [
                        {
                            "id": "95e80a3",
                            "settings": {
                                "title": "Drop A Message",
                                "align": "left",
                                "align_tablet": "center",
                                "__globals__": {
                                    "title_color": "globals\/colors?id=00e1299",
                                    "typography_typography": "globals\/typography?id=d7ffd59"
                                }
                            },
                            "elements": [],
                            "isInner": false,
                            "widgetType": "heading",
                            "elType": "widget"
                        },
                        {
                            "id": "18b746b2",
                            "settings": [],
                            "elements": [],
                            "isInner": false,
                            "widgetType": "metform",
                            "elType": "widget"
                        }
                    ],
                    "isInner": "",
                    "elType": "column"
                },
                {
                    "id": "21038bd9",
                    "settings": {
                        "_column_size": "50",
                        "_inline_size": "40",
                        "_inline_size_tablet": "100",
                        "margin_tablet": {
                            "unit": "px",
                            "top": "0",
                            "right": "10",
                            "bottom": "0",
                            "left": "10",
                            "isLinked": ""
                        },
                        "margin_mobile": {
                            "unit": "px",
                            "top": "0",
                            "right": "0",
                            "bottom": "0",
                            "left": "0",
                            "isLinked": "1"
                        },
                        "padding_mobile": {
                            "unit": "px",
                            "top": "0",
                            "right": "10",
                            "bottom": "0",
                            "left": "10",
                            "isLinked": ""
                        }
                    },
                    "elements": [
                        {
                            "id": "3134e1c6",
                            "settings": {
                                "margin": {
                                    "unit": "px",
                                    "top": "0",
                                    "right": "0",
                                    "bottom": "0",
                                    "left": "0",
                                    "isLinked": ""
                                },
                                "margin_tablet": {
                                    "unit": "px",
                                    "top": "0",
                                    "right": "0",
                                    "bottom": "0",
                                    "left": "0",
                                    "isLinked": ""
                                },
                                "gap": "no",
                                "background_background": "gradient",
                                "background_color_stop": {
                                    "unit": "%",
                                    "size": 50,
                                    "sizes": []
                                },
                                "background_color_b_stop": {
                                    "unit": "%",
                                    "size": 0,
                                    "sizes": []
                                },
                                "background_gradient_angle": {
                                    "unit": "deg",
                                    "size": 130,
                                    "sizes": []
                                },
                                "__globals__": {
                                    "background_color": "globals\/colors?id=1988e30",
                                    "background_color_b": "globals\/colors?id=d34468b"
                                }
                            },
                            "elements": [
                                {
                                    "id": "3eb275c8",
                                    "settings": {
                                        "_column_size": "100",
                                        "background_color_b": "#734B6D",
                                        "background_image": {
                                            "url": "https:\/\/templatekit.jegtheme.com\/italk\/wp-content\/uploads\/sites\/71\/2020\/12\/17580.jpg",
                                            "id": "450"
                                        },
                                        "background_repeat": "no-repeat",
                                        "background_size": "cover",
                                        "background_overlay_background": "gradient",
                                        "background_overlay_color": "#734B6D",
                                        "background_overlay_color_b": "#696A87",
                                        "background_overlay_gradient_angle": {
                                            "unit": "deg",
                                            "size": "360",
                                            "sizes": []
                                        },
                                        "background_overlay_opacity": {
                                            "unit": "px",
                                            "size": "0.9",
                                            "sizes": []
                                        },
                                        "border_radius": {
                                            "unit": "px",
                                            "top": "5",
                                            "right": "5",
                                            "bottom": "5",
                                            "left": "5",
                                            "isLinked": "1"
                                        },
                                        "box_shadow_box_shadow_type": "yes",
                                        "box_shadow_box_shadow": {
                                            "horizontal": "0",
                                            "vertical": "5",
                                            "blur": "10",
                                            "spread": "0",
                                            "color": "rgba(0, 0, 0, 0.1)"
                                        },
                                        "padding": {
                                            "unit": "px",
                                            "top": "50",
                                            "right": "50",
                                            "bottom": "50",
                                            "left": "50",
                                            "isLinked": "1"
                                        },
                                        "__globals__": {
                                            "background_color": "",
                                            "background_overlay_color": "",
                                            "background_overlay_color_b": "",
                                            "background_color_b": ""
                                        },
                                        "padding_mobile": {
                                            "unit": "px",
                                            "top": "50",
                                            "right": "30",
                                            "bottom": "30",
                                            "left": "30",
                                            "isLinked": ""
                                        }
                                    },
                                    "elements": [
                                        {
                                            "id": "265e3186",
                                            "settings": {
                                                "title": "Contact Information",
                                                "align": "left",
                                                "title_color": "#FFFFFF",
                                                "_margin": {
                                                    "unit": "px",
                                                    "top": "0",
                                                    "right": "0",
                                                    "bottom": "20",
                                                    "left": "0",
                                                    "isLinked": ""
                                                },
                                                "__globals__": {
                                                    "typography_typography": "globals\/typography?id=f05cfaa"
                                                }
                                            },
                                            "elements": [],
                                            "isInner": false,
                                            "widgetType": "heading",
                                            "elType": "widget"
                                        },
                                        {
                                            "id": "2ebdfcd9",
                                            "settings": {
                                                "title": "Office Address",
                                                "align": "left",
                                                "title_color": "#FFFFFF",
                                                "header_size": "h4",
                                                "__globals__": {
                                                    "typography_typography": "globals\/typography?id=1efc178"
                                                }
                                            },
                                            "elements": [],
                                            "isInner": false,
                                            "widgetType": "heading",
                                            "elType": "widget"
                                        },
                                        {
                                            "id": "23ada9c6",
                                            "settings": {
                                                "icon_list": [
                                                    {
                                                        "text": "Jl Raya puputan, No.90",
                                                        "selected_icon": {
                                                            "value": "",
                                                            "library": ""
                                                        },
                                                        "_id": "8ea6f3a"
                                                    },
                                                    {
                                                        "text": "Renon, Denpasar, Bali, Indonesia",
                                                        "selected_icon": {
                                                            "value": "",
                                                            "library": ""
                                                        },
                                                        "_id": "c95a4a8"
                                                    }
                                                ],
                                                "text_color": "#FFFFFF",
                                                "_margin": {
                                                    "unit": "px",
                                                    "top": "0",
                                                    "right": "0",
                                                    "bottom": "40",
                                                    "left": "0",
                                                    "isLinked": ""
                                                },
                                                "_element_width": "initial",
                                                "_element_custom_width": {
                                                    "unit": "px",
                                                    "size": "500",
                                                    "sizes": []
                                                },
                                                "__globals__": {
                                                    "text_color": "",
                                                    "icon_typography_typography": "globals\/typography?id=text"
                                                },
                                                "space_between": {
                                                    "unit": "px",
                                                    "size": "5",
                                                    "sizes": []
                                                }
                                            },
                                            "elements": [],
                                            "isInner": false,
                                            "widgetType": "icon-list",
                                            "elType": "widget"
                                        },
                                        {
                                            "id": "363770e2",
                                            "settings": {
                                                "title": "Training Field",
                                                "align": "left",
                                                "title_color": "#FFFFFF",
                                                "__globals__": {
                                                    "typography_typography": "globals\/typography?id=1efc178"
                                                }
                                            },
                                            "elements": [],
                                            "isInner": false,
                                            "widgetType": "heading",
                                            "elType": "widget"
                                        },
                                        {
                                            "id": "41fa7f24",
                                            "settings": {
                                                "icon_list": [
                                                    {
                                                        "text": "Lapangan Puputan",
                                                        "selected_icon": {
                                                            "value": "",
                                                            "library": ""
                                                        },
                                                        "_id": "8ea6f3a"
                                                    },
                                                    {
                                                        "text": "Niti Mandala Renon, Denpasar, Bali",
                                                        "selected_icon": {
                                                            "value": "",
                                                            "library": ""
                                                        },
                                                        "_id": "c95a4a8"
                                                    }
                                                ],
                                                "text_color": "#FFFFFF",
                                                "_margin": {
                                                    "unit": "px",
                                                    "top": "0",
                                                    "right": "0",
                                                    "bottom": "40",
                                                    "left": "0",
                                                    "isLinked": ""
                                                },
                                                "_element_width": "initial",
                                                "_element_custom_width": {
                                                    "unit": "px",
                                                    "size": "500",
                                                    "sizes": []
                                                },
                                                "__globals__": {
                                                    "text_color": "",
                                                    "icon_typography_typography": "globals\/typography?id=text"
                                                },
                                                "space_between": {
                                                    "unit": "px",
                                                    "size": "5",
                                                    "sizes": []
                                                }
                                            },
                                            "elements": [],
                                            "isInner": false,
                                            "widgetType": "icon-list",
                                            "elType": "widget"
                                        },
                                        {
                                            "id": "7c06738b",
                                            "settings": {
                                                "title": "Office Contact",
                                                "align": "left",
                                                "title_color": "#FFFFFF",
                                                "__globals__": {
                                                    "typography_typography": "globals\/typography?id=1efc178"
                                                }
                                            },
                                            "elements": [],
                                            "isInner": false,
                                            "widgetType": "heading",
                                            "elType": "widget"
                                        },
                                        {
                                            "id": "133a870b",
                                            "settings": {
                                                "icon_list": [
                                                    {
                                                        "text": "Phone : (+62) 1919-2020",
                                                        "selected_icon": {
                                                            "value": "",
                                                            "library": ""
                                                        },
                                                        "_id": "8ea6f3a"
                                                    },
                                                    {
                                                        "text": "Email : contact@socca.com",
                                                        "selected_icon": {
                                                            "value": "",
                                                            "library": ""
                                                        },
                                                        "_id": "c95a4a8"
                                                    }
                                                ],
                                                "text_color": "#FFFFFF",
                                                "_margin": {
                                                    "unit": "px",
                                                    "top": "0",
                                                    "right": "0",
                                                    "bottom": "40",
                                                    "left": "0",
                                                    "isLinked": ""
                                                },
                                                "_element_width": "initial",
                                                "_element_custom_width": {
                                                    "unit": "px",
                                                    "size": "500",
                                                    "sizes": []
                                                },
                                                "__globals__": {
                                                    "text_color": "",
                                                    "icon_typography_typography": "globals\/typography?id=text"
                                                },
                                                "space_between": {
                                                    "unit": "px",
                                                    "size": "5",
                                                    "sizes": []
                                                }
                                            },
                                            "elements": [],
                                            "isInner": false,
                                            "widgetType": "icon-list",
                                            "elType": "widget"
                                        }
                                    ],
                                    "isInner": "1",
                                    "elType": "column"
                                }
                            ],
                            "isInner": "1",
                            "elType": "section"
                        }
                    ],
                    "isInner": "",
                    "elType": "column"
                }
            ],
            "isInner": "",
            "elType": "section"
        },
        {
            "id": "536cfed9",
            "settings": {
                "layout": "full_width"
            },
            "elements": [
                {
                    "id": "2fe3375c",
                    "settings": {
                        "_column_size": "100",
                        "padding": {
                            "unit": "px",
                            "top": "0",
                            "right": "0",
                            "bottom": "0",
                            "left": "0",
                            "isLinked": ""
                        }
                    },
                    "elements": [
                        {
                            "id": "26062983",
                            "settings": {
                                "address": "niti mandala renon",
                                "zoom": {
                                    "unit": "px",
                                    "size": 16,
                                    "sizes": []
                                },
                                "height": {
                                    "unit": "px",
                                    "size": "550",
                                    "sizes": []
                                },
                                "css_filters_css_filter": "custom",
                                "css_filters_saturate": {
                                    "unit": "px",
                                    "size": "50",
                                    "sizes": []
                                },
                                "css_filters_hover_css_filter": "custom",
                                "hover_transition": {
                                    "unit": "px",
                                    "size": "1",
                                    "sizes": []
                                }
                            },
                            "elements": [],
                            "isInner": false,
                            "widgetType": "google_maps",
                            "elType": "widget"
                        }
                    ],
                    "isInner": "",
                    "elType": "column"
                }
            ],
            "isInner": "",
            "elType": "section"
        }
    ],
    "page_settings": {
        "eael_ext_toc_title": "Table of Contents",
        "template": "elementor_canvas"
    }
}