{
    "version": "0.4",
    "title": "FAQ",
    "type": "page",
    "metadata": {
        "template_type": "single-page",
        "include_in_zip": "1",
        "elementor_pro_required": null,
        "wp_page_template": "elementor_canvas"
    },
    "content": [
        {
            "id": "41556877",
            "settings": {
                "background_background": "classic",
                "background_image": {
                    "url": "https:\/\/templatekit.jegtheme.com\/socca\/wp-content\/uploads\/sites\/54\/2021\/03\/boy-scoring-goal.jpg",
                    "id": 754
                },
                "background_repeat": "no-repeat",
                "background_size": "cover",
                "background_overlay_background": "classic",
                "background_overlay_opacity": {
                    "unit": "px",
                    "size": 0.8,
                    "sizes": []
                },
                "padding": {
                    "unit": "px",
                    "top": "180",
                    "right": "0",
                    "bottom": "180",
                    "left": "0",
                    "isLinked": false
                },
                "background_position": "center center",
                "background_ypos": {
                    "unit": "%",
                    "size": 34,
                    "sizes": []
                },
                "background_position_mobile": "center center",
                "padding_tablet": {
                    "unit": "px",
                    "top": "140",
                    "right": "0",
                    "bottom": "140",
                    "left": "0",
                    "isLinked": false
                },
                "padding_mobile": {
                    "unit": "px",
                    "top": "100",
                    "right": "0",
                    "bottom": "100",
                    "left": "0",
                    "isLinked": false
                },
                "gap": "no",
                "__globals__": {
                    "background_overlay_color": "globals\/colors?id=00e1299",
                    "shape_divider_bottom_color": "globals\/colors?id=7049ee0"
                },
                "shape_divider_bottom": "triangle",
                "shape_divider_bottom_height": {
                    "unit": "px",
                    "size": 70,
                    "sizes": []
                },
                "shape_divider_bottom_negative": "yes"
            },
            "elements": [
                {
                    "id": "4b3b7e93",
                    "settings": {
                        "_column_size": 100,
                        "_inline_size": null,
                        "margin_tablet": {
                            "unit": "px",
                            "top": "0",
                            "right": "10",
                            "bottom": "0",
                            "left": "10",
                            "isLinked": false
                        },
                        "margin_mobile": {
                            "unit": "px",
                            "top": "0",
                            "right": "10",
                            "bottom": "0",
                            "left": "10",
                            "isLinked": false
                        }
                    },
                    "elements": [
                        {
                            "id": "24aa721e",
                            "settings": {
                                "title": "FAQ",
                                "__globals__": {
                                    "typography_typography": "globals\/typography?id=d7ffd59",
                                    "title_color": "globals\/colors?id=4ea2f0b"
                                },
                                "align": "center"
                            },
                            "elements": [],
                            "isInner": false,
                            "widgetType": "heading",
                            "elType": "widget"
                        }
                    ],
                    "isInner": false,
                    "elType": "column"
                }
            ],
            "isInner": false,
            "elType": "section"
        },
        {
            "id": "1f01f7b3",
            "settings": {
                "gap": "no",
                "structure": "20",
                "padding": {
                    "unit": "px",
                    "top": "120",
                    "right": "0",
                    "bottom": "100",
                    "left": "0",
                    "isLinked": false
                },
                "padding_tablet": {
                    "unit": "px",
                    "top": "80",
                    "right": "10",
                    "bottom": "80",
                    "left": "10",
                    "isLinked": false
                }
            },
            "elements": [
                {
                    "id": "26ff29a0",
                    "settings": {
                        "_column_size": 50,
                        "_inline_size": null,
                        "background_image": {
                            "url": "https:\/\/templatekit.jegtheme.com\/socca\/wp-content\/uploads\/sites\/54\/2021\/03\/rows-of-yellow-and-blue-stadium-seats-on-soccer-field-stadium.jpg",
                            "id": 338
                        },
                        "background_position": "top center",
                        "background_size": "cover",
                        "background_overlay_background": "gradient",
                        "background_overlay_color": "#F9F9F9",
                        "background_overlay_color_stop": {
                            "unit": "%",
                            "size": 30,
                            "sizes": []
                        },
                        "background_overlay_color_b": "#C70101C7",
                        "background_overlay_color_b_stop": {
                            "unit": "%",
                            "size": 0,
                            "sizes": []
                        },
                        "background_overlay_opacity": {
                            "unit": "px",
                            "size": 1,
                            "sizes": []
                        },
                        "padding": {
                            "unit": "px",
                            "top": "0",
                            "right": "0",
                            "bottom": "0",
                            "left": "0",
                            "isLinked": false
                        },
                        "__globals__": {
                            "background_overlay_color": "globals\/colors?id=7049ee0",
                            "background_overlay_color_b": ""
                        },
                        "_inline_size_tablet": 100,
                        "margin_mobile": {
                            "unit": "px",
                            "top": "0",
                            "right": "0",
                            "bottom": "20",
                            "left": "0",
                            "isLinked": false
                        },
                        "padding_mobile": {
                            "unit": "px",
                            "top": "0",
                            "right": "0",
                            "bottom": "0",
                            "left": "0",
                            "isLinked": false
                        }
                    },
                    "elements": [
                        {
                            "id": "36c1a45b",
                            "settings": {
                                "image": {
                                    "url": "https:\/\/templatekit.jegtheme.com\/socca\/wp-content\/uploads\/sites\/54\/2021\/03\/football-team-captain.jpg",
                                    "id": 456
                                },
                                "image_size": "full",
                                "align": "left",
                                "width": {
                                    "unit": "%",
                                    "size": 71,
                                    "sizes": []
                                }
                            },
                            "elements": [],
                            "isInner": false,
                            "widgetType": "image",
                            "elType": "widget"
                        },
                        {
                            "id": "76c801ab",
                            "settings": {
                                "image": {
                                    "url": "https:\/\/templatekit.jegtheme.com\/socca\/wp-content\/uploads\/sites\/54\/2021\/03\/portrait-of-male-high-school-soccer-team-celebrating.jpg",
                                    "id": 389
                                },
                                "image_size": "full",
                                "align": "left",
                                "width": {
                                    "unit": "%",
                                    "size": 100,
                                    "sizes": []
                                },
                                "_margin": {
                                    "unit": "px",
                                    "top": "0",
                                    "right": "0",
                                    "bottom": "0",
                                    "left": "0",
                                    "isLinked": false
                                },
                                "_animation": "fadeInRight",
                                "_element_width": "initial",
                                "_element_custom_width": {
                                    "unit": "px",
                                    "size": 479.951
                                },
                                "_position": "absolute",
                                "_offset_x": {
                                    "size": 45.961,
                                    "unit": "px"
                                },
                                "_offset_y": {
                                    "size": 247.872,
                                    "unit": "px"
                                },
                                "_element_width_mobile": "initial",
                                "_element_custom_width_mobile": {
                                    "unit": "px",
                                    "size": 239.93
                                },
                                "_offset_x_tablet": {
                                    "size": 194.951,
                                    "unit": "px"
                                },
                                "_offset_x_mobile": {
                                    "size": 76.919,
                                    "unit": "px"
                                },
                                "_offset_y_tablet": {
                                    "size": 380.865,
                                    "unit": "px"
                                },
                                "_offset_y_mobile": {
                                    "size": 129.836,
                                    "unit": "px"
                                }
                            },
                            "elements": [],
                            "isInner": false,
                            "widgetType": "image",
                            "elType": "widget"
                        }
                    ],
                    "isInner": false,
                    "elType": "column"
                },
                {
                    "id": "220f1970",
                    "settings": {
                        "_column_size": 50,
                        "_inline_size": null,
                        "margin": {
                            "unit": "px",
                            "top": "0",
                            "right": "0",
                            "bottom": "0",
                            "left": "20",
                            "isLinked": false
                        },
                        "_inline_size_tablet": 100,
                        "margin_tablet": {
                            "unit": "px",
                            "top": "0",
                            "right": "0",
                            "bottom": "0",
                            "left": "0",
                            "isLinked": false
                        }
                    },
                    "elements": [
                        {
                            "id": "6686a3b8",
                            "settings": {
                                "title": "Frequently Asked Question",
                                "__globals__": {
                                    "typography_typography": "globals\/typography?id=d7ffd59",
                                    "title_color": "globals\/colors?id=00e1299"
                                }
                            },
                            "elements": [],
                            "isInner": false,
                            "widgetType": "heading",
                            "elType": "widget"
                        },
                        {
                            "id": "24fa7921",
                            "settings": {
                                "editor": "Lorem ipsum dolor sit amet, consectetuer adipiscing elit. Aenean commodo ligula eget dolor. Aenean massa. Cum sociis natoque penatibus et magnis dis parturient montes, nascetur ridiculus mus.",
                                "_margin": {
                                    "unit": "px",
                                    "top": "0",
                                    "right": "0",
                                    "bottom": "20",
                                    "left": "0",
                                    "isLinked": false
                                },
                                "__globals__": {
                                    "text_color": "globals\/colors?id=00e1299",
                                    "typography_typography": ""
                                }
                            },
                            "elements": [],
                            "isInner": false,
                            "widgetType": "text-editor",
                            "elType": "widget"
                        },
                        {
                            "id": "467827b7",
                            "settings": {
                                "sg_accordion_list": [
                                    {
                                        "sg_accordion_list_title": "Lorem ipsum dolor sit amet",
                                        "sg_accordion_list_content": "Lorem ipsum dolor sit amet, consectetuer adipiscing elit. Aenean commodo ligula eget dolor. Aenean massa. Cum sociis natoque penatibus et magnis dis parturient montes, nascetur ridiculus mus. Donec quam felis, ultricies nec.",
                                        "_id": "5c3dceb"
                                    },
                                    {
                                        "sg_accordion_list_title": "Far far away, behind the word mountains",
                                        "sg_accordion_list_content": "Lorem ipsum dolor sit amet, consectetuer adipiscing elit. Aenean commodo ligula eget dolor. Aenean massa. Cum sociis natoque penatibus et magnis dis parturient montes, nascetur ridiculus mus. Donec quam felis, ultricies nec.",
                                        "_id": "f31a193"
                                    },
                                    {
                                        "sg_accordion_list_title": "The quick, brown fox jumps over a lazy dog",
                                        "sg_accordion_list_content": "Lorem ipsum dolor sit amet, consectetuer adipiscing elit. Aenean commodo ligula eget dolor. Aenean massa. Cum sociis natoque penatibus et magnis dis parturient montes, nascetur ridiculus mus. Donec quam felis, ultricies nec.",
                                        "_id": "b1a6d43"
                                    }
                                ],
                                "sg_accordion_open": "yes",
                                "sg_icon_position": "left",
                                "st_title_open_color_responsive": "#100707",
                                "st_title_open_background_background_background": "classic",
                                "st_title_open_background_background_color": "#FFFFFF",
                                "st_title_close_color_responsive": "#100707",
                                "st_title_close_background_background_background": "classic",
                                "st_title_close_background_background_color": "#FFFFFF",
                                "st_description_color_responsive": "#100707",
                                "st_icon_open_color_responsive": "#C70101",
                                "st_icon_close_color_responsive": "#C70101",
                                "__globals__": {
                                    "st_title_typography_content_typography_typography": "globals\/typography?id=c51b32c",
                                    "st_title_open_color_responsive": "globals\/colors?id=00e1299",
                                    "st_title_close_color_responsive": "globals\/colors?id=00e1299",
                                    "st_title_close_background_background_color": "globals\/colors?id=4ea2f0b",
                                    "st_icon_close_color_responsive": "globals\/colors?id=1988e30",
                                    "st_title_open_background_background_color": "globals\/colors?id=4ea2f0b",
                                    "st_icon_open_color_responsive": "globals\/colors?id=1988e30",
                                    "st_description_color_responsive": "globals\/colors?id=00e1299",
                                    "st_description_typography_content_typography_typography": "globals\/typography?id=text"
                                }
                            },
                            "elements": [],
                            "isInner": false,
                            "widgetType": "jkit_accordion",
                            "elType": "widget"
                        }
                    ],
                    "isInner": false,
                    "elType": "column"
                }
            ],
            "isInner": false,
            "elType": "section"
        },
        {
            "id": "7c9424f1",
            "settings": {
                "layout": "full_width",
                "background_background": "gradient",
                "padding": {
                    "unit": "px",
                    "top": "100",
                    "right": "0",
                    "bottom": "0",
                    "left": "0",
                    "isLinked": false
                },
                "padding_tablet": {
                    "unit": "px",
                    "top": "80",
                    "right": "0",
                    "bottom": "0",
                    "left": "0",
                    "isLinked": false
                },
                "padding_mobile": {
                    "unit": "px",
                    "top": "40",
                    "right": "0",
                    "bottom": "0",
                    "left": "0",
                    "isLinked": false
                },
                "__globals__": {
                    "background_color": "globals\/colors?id=1988e30",
                    "background_color_b": "globals\/colors?id=d34468b"
                },
                "background_color_stop": {
                    "unit": "%",
                    "size": 52,
                    "sizes": []
                },
                "background_color_b_stop": {
                    "unit": "%",
                    "size": 0,
                    "sizes": []
                },
                "background_gradient_angle": {
                    "unit": "deg",
                    "size": 140,
                    "sizes": []
                }
            },
            "elements": [
                {
                    "id": "482f47b1",
                    "settings": {
                        "_column_size": 100,
                        "_inline_size": null,
                        "padding": {
                            "unit": "px",
                            "top": "0",
                            "right": "0",
                            "bottom": "0",
                            "left": "0",
                            "isLinked": false
                        },
                        "padding_mobile": {
                            "unit": "px",
                            "top": "10",
                            "right": "0",
                            "bottom": "0",
                            "left": "0",
                            "isLinked": false
                        }
                    },
                    "elements": [
                        {
                            "id": "2cc7501c",
                            "settings": {
                                "editor": "Join Our Team",
                                "__globals__": {
                                    "text_color": "globals\/colors?id=4ea2f0b",
                                    "typography_typography": "globals\/typography?id=1260556"
                                },
                                "align": "center"
                            },
                            "elements": [],
                            "isInner": false,
                            "widgetType": "text-editor",
                            "elType": "widget"
                        },
                        {
                            "id": "5c16ac7a",
                            "settings": {
                                "title": "Our Gallery",
                                "align": "center",
                                "__globals__": {
                                    "title_color": "",
                                    "typography_typography": "globals\/typography?id=d7ffd59"
                                },
                                "title_color": "#FFFFFF",
                                "_margin": {
                                    "unit": "px",
                                    "top": "0",
                                    "right": "0",
                                    "bottom": "30",
                                    "left": "0",
                                    "isLinked": false
                                }
                            },
                            "elements": [],
                            "isInner": false,
                            "widgetType": "heading",
                            "elType": "widget"
                        },
                        {
                            "id": "46b83328",
                            "settings": {
                                "sg_setting_link_to": "lightbox",
                                "sg_filter_all_label": "All",
                                "sg_filter_list": [
                                    {
                                        "sg_filter_list_name": "Gallery Item",
                                        "_id": "295dc7d"
                                    }
                                ],
                                "sg_gallery_list": [
                                    {
                                        "sg_gallery_list_image": {
                                            "url": "https:\/\/templatekit.jegtheme.com\/socca\/wp-content\/uploads\/sites\/54\/2021\/02\/united-junior-team.jpg",
                                            "id": 72
                                        },
                                        "_id": "7bb46b3"
                                    },
                                    {
                                        "sg_gallery_list_image": {
                                            "url": "https:\/\/templatekit.jegtheme.com\/socca\/wp-content\/uploads\/sites\/54\/2021\/02\/portrait-of-male-high-school-students-playing-in-soccer-team.jpg",
                                            "id": 70
                                        },
                                        "_id": "568ba20"
                                    },
                                    {
                                        "sg_gallery_list_image": {
                                            "url": "https:\/\/templatekit.jegtheme.com\/socca\/wp-content\/uploads\/sites\/54\/2021\/02\/womens-football-team-run-whilst-training-for-soccer-match-on-outdoor-astro-turf-pitch.jpg",
                                            "id": 63
                                        },
                                        "_id": "53543ef"
                                    },
                                    {
                                        "sg_gallery_list_image": {
                                            "url": "https:\/\/templatekit.jegtheme.com\/socca\/wp-content\/uploads\/sites\/54\/2021\/02\/soccer-team-player-wearing-red-sport-suit-standing-in-green-field-indoor-stadium-closeup-background.jpg",
                                            "id": 51
                                        },
                                        "_id": "6c105cd"
                                    },
                                    {
                                        "sg_gallery_list_image": {
                                            "url": "https:\/\/templatekit.jegtheme.com\/socca\/wp-content\/uploads\/sites\/54\/2021\/02\/two-kids-playing-football.jpg",
                                            "id": 53
                                        },
                                        "_id": "3c48700"
                                    },
                                    {
                                        "sg_gallery_list_image": {
                                            "url": "https:\/\/templatekit.jegtheme.com\/socca\/wp-content\/uploads\/sites\/54\/2021\/02\/athletic-soccer-player-kicking-ball-on-soccer-pitch.jpg",
                                            "id": 8
                                        },
                                        "_id": "5ff3381"
                                    }
                                ],
                                "sg_loadmore_button_text": "Load More",
                                "sg_loadmore_nomore_text": "No More Item",
                                "st_container_padding_responsive": {
                                    "unit": "px",
                                    "top": "0",
                                    "right": "0",
                                    "bottom": "0",
                                    "left": "0",
                                    "isLinked": false
                                },
                                "st_container_margin_responsive": {
                                    "unit": "px",
                                    "top": "0",
                                    "right": "0",
                                    "bottom": "0",
                                    "left": "0",
                                    "isLinked": false
                                },
                                "st_container_border_radius_responsive": {
                                    "unit": "px",
                                    "top": "0",
                                    "right": "0",
                                    "bottom": "0",
                                    "left": "0",
                                    "isLinked": false
                                },
                                "st_control_padding_responsive": {
                                    "unit": "px",
                                    "top": "0",
                                    "right": "0",
                                    "bottom": "0",
                                    "left": "0",
                                    "isLinked": false
                                },
                                "st_control_margin_responsive": {
                                    "unit": "px",
                                    "top": "0",
                                    "right": "0",
                                    "bottom": "0",
                                    "left": "0",
                                    "isLinked": false
                                },
                                "st_item_padding_responsive": {
                                    "unit": "px",
                                    "top": "0",
                                    "right": "0",
                                    "bottom": "0",
                                    "left": "0",
                                    "isLinked": false
                                },
                                "st_item_margin_responsive": {
                                    "unit": "px",
                                    "top": "0",
                                    "right": "0",
                                    "bottom": "0",
                                    "left": "0",
                                    "isLinked": false
                                },
                                "st_item_hover_background_background_background": "classic",
                                "st_item_hover_opacity_responsive": {
                                    "unit": "px",
                                    "size": 0.6,
                                    "sizes": []
                                },
                                "st_search_form_placeholder": "Search Gallery Item...",
                                "_margin": {
                                    "unit": "px",
                                    "top": "0",
                                    "right": "0",
                                    "bottom": "-15",
                                    "left": "0",
                                    "isLinked": false
                                },
                                "_padding": {
                                    "unit": "px",
                                    "top": "0",
                                    "right": "0",
                                    "bottom": "0",
                                    "left": "0",
                                    "isLinked": false
                                },
                                "__globals__": {
                                    "st_item_hover_background_background_color": "globals\/colors?id=00e1299"
                                },
                                "sg_setting_image_height_responsive_mobile": {
                                    "unit": "px",
                                    "size": 183,
                                    "sizes": []
                                }
                            },
                            "elements": [],
                            "isInner": false,
                            "widgetType": "jkit_gallery",
                            "elType": "widget"
                        }
                    ],
                    "isInner": false,
                    "elType": "column"
                }
            ],
            "isInner": false,
            "elType": "section"
        },
        {
            "id": "13c2e8a3",
            "settings": {
                "content_width": {
                    "unit": "px",
                    "size": 731,
                    "sizes": []
                },
                "background_background": "classic",
                "background_image": {
                    "url": "https:\/\/templatekit.jegtheme.com\/socca\/wp-content\/uploads\/sites\/54\/2021\/02\/soccer-team-player-wearing-red-sport-suit-standing-in-green-field-indoor-stadium-closeup-background.jpg",
                    "id": 51
                },
                "background_attachment": "fixed",
                "background_repeat": "no-repeat",
                "background_size": "cover",
                "background_overlay_background": "classic",
                "background_overlay_color": "#180000",
                "background_overlay_opacity": {
                    "unit": "px",
                    "size": 0.7,
                    "sizes": []
                },
                "padding": {
                    "unit": "px",
                    "top": "140",
                    "right": "0",
                    "bottom": "140",
                    "left": "0",
                    "isLinked": false
                },
                "padding_tablet": {
                    "unit": "px",
                    "top": "80",
                    "right": "0",
                    "bottom": "80",
                    "left": "0",
                    "isLinked": false
                },
                "padding_mobile": {
                    "unit": "px",
                    "top": "40",
                    "right": "0",
                    "bottom": "40",
                    "left": "0",
                    "isLinked": false
                },
                "background_ypos": {
                    "unit": "%",
                    "size": 0,
                    "sizes": []
                },
                "gap": "no",
                "background_overlay_color_stop": {
                    "unit": "%",
                    "size": 89,
                    "sizes": []
                },
                "background_overlay_color_b_stop": {
                    "unit": "%",
                    "size": 0,
                    "sizes": []
                },
                "background_overlay_gradient_angle": {
                    "unit": "deg",
                    "size": 320,
                    "sizes": []
                },
                "__globals__": {
                    "background_overlay_color_b": "globals\/colors?id=d34468b"
                },
                "margin_tablet": {
                    "unit": "px",
                    "top": "0",
                    "right": 0,
                    "bottom": "0",
                    "left": 0,
                    "isLinked": false
                }
            },
            "elements": [
                {
                    "id": "77c111bb",
                    "settings": {
                        "_column_size": 100,
                        "_inline_size": null,
                        "padding_mobile": {
                            "unit": "px",
                            "top": "0",
                            "right": "10",
                            "bottom": "0",
                            "left": "10",
                            "isLinked": false
                        }
                    },
                    "elements": [
                        {
                            "id": "d1a4fcd",
                            "settings": {
                                "editor": "Join Our Team",
                                "__globals__": {
                                    "text_color": "",
                                    "typography_typography": "globals\/typography?id=1260556"
                                },
                                "align": "center",
                                "text_color": "#FFFFFF"
                            },
                            "elements": [],
                            "isInner": false,
                            "widgetType": "text-editor",
                            "elType": "widget"
                        },
                        {
                            "id": "69f49b42",
                            "settings": {
                                "ekit_heading_title": "Being The Number {{#1}} is Our True Goals",
                                "ekit_heading_sub_title": "Time has changed",
                                "shadow_text_content": "bussiness",
                                "ekit_heading_show_seperator": "",
                                "ekit_heading_title_align": "text_center",
                                "ekit_heading_title_color": "#FFFFFF",
                                "__globals__": {
                                    "ekit_heading_focused_title_color": "globals\/colors?id=1988e30",
                                    "ekit_heading_title_typography_typography": "globals\/typography?id=d7ffd59",
                                    "ekit_heading_focused_title_typography_typography": "globals\/typography?id=d7ffd59"
                                }
                            },
                            "elements": [],
                            "isInner": false,
                            "widgetType": "elementskit-heading",
                            "elType": "widget"
                        },
                        {
                            "id": "39af2849",
                            "settings": {
                                "text": "Join Now",
                                "align": "center",
                                "text_padding": {
                                    "unit": "px",
                                    "top": "20",
                                    "right": "32",
                                    "bottom": "20",
                                    "left": "32",
                                    "isLinked": false
                                },
                                "_margin": {
                                    "unit": "px",
                                    "top": "0",
                                    "right": "0",
                                    "bottom": "0",
                                    "left": "0",
                                    "isLinked": false
                                },
                                "__globals__": {
                                    "background_color": "",
                                    "button_background_hover_color": "",
                                    "typography_typography": "globals\/typography?id=3a56188"
                                },
                                "background_color": "#C70101",
                                "border_radius": {
                                    "unit": "px",
                                    "top": "0",
                                    "right": "0",
                                    "bottom": "0",
                                    "left": "0",
                                    "isLinked": true
                                }
                            },
                            "elements": [],
                            "isInner": false,
                            "widgetType": "button",
                            "elType": "widget"
                        }
                    ],
                    "isInner": false,
                    "elType": "column"
                }
            ],
            "isInner": false,
            "elType": "section"
        }
    ],
    "page_settings": {
        "eael_ext_toc_title": "Table of Contents",
        "template": "elementor_canvas"
    }
}