{
    "version": "0.4",
    "title": "footer",
    "type": "section",
    "metadata": {
        "template_type": "section-footer",
        "include_in_zip": "1",
        "elementor_pro_required": null,
        "wp_page_template": "elementor_canvas"
    },
    "content": [
        {
            "id": "58ea4833",
            "settings": {
                "background_background": "classic",
                "background_repeat": "no-repeat",
                "background_size": "cover",
                "background_overlay_color": "#21211B",
                "background_overlay_opacity": {
                    "unit": "px",
                    "size": 0.95,
                    "sizes": []
                },
                "padding": {
                    "unit": "px",
                    "top": "70",
                    "right": "0",
                    "bottom": "20",
                    "left": "0",
                    "isLinked": ""
                },
                "__globals__": {
                    "background_color": "",
                    "background_overlay_color": ""
                },
                "padding_tablet": {
                    "unit": "px",
                    "top": "80",
                    "right": "0",
                    "bottom": "0",
                    "left": "0",
                    "isLinked": false
                },
                "padding_mobile": {
                    "unit": "px",
                    "top": "70",
                    "right": "0",
                    "bottom": "0",
                    "left": "0",
                    "isLinked": false
                },
                "background_position": "center center",
                "gap": "no",
                "background_color": "#000000"
            },
            "elements": [
                {
                    "id": "4bf2d824",
                    "settings": {
                        "_column_size": "100",
                        "padding": {
                            "unit": "px",
                            "top": "0",
                            "right": "0",
                            "bottom": "0",
                            "left": "0",
                            "isLinked": ""
                        },
                        "margin_tablet": {
                            "unit": "px",
                            "top": "0",
                            "right": "20",
                            "bottom": "0",
                            "left": "20",
                            "isLinked": false
                        },
                        "margin_mobile": {
                            "unit": "px",
                            "top": "0",
                            "right": "15",
                            "bottom": "0",
                            "left": "15",
                            "isLinked": false
                        }
                    },
                    "elements": [
                        {
                            "id": "5a91a55c",
                            "settings": {
                                "structure": "40",
                                "padding": {
                                    "unit": "px",
                                    "top": "0",
                                    "right": "0",
                                    "bottom": "30",
                                    "left": "0",
                                    "isLinked": ""
                                },
                                "padding_tablet": {
                                    "unit": "px",
                                    "top": "0",
                                    "right": "0",
                                    "bottom": "25",
                                    "left": "0",
                                    "isLinked": false
                                },
                                "padding_mobile": {
                                    "unit": "px",
                                    "top": "0",
                                    "right": "0",
                                    "bottom": "20",
                                    "left": "0",
                                    "isLinked": false
                                },
                                "gap": "no"
                            },
                            "elements": [
                                {
                                    "id": "5a18165a",
                                    "settings": {
                                        "_column_size": "25",
                                        "_inline_size": 45.364,
                                        "padding": {
                                            "unit": "px",
                                            "top": "0",
                                            "right": "80",
                                            "bottom": "0",
                                            "left": "0",
                                            "isLinked": ""
                                        },
                                        "_inline_size_tablet": 100,
                                        "margin_tablet": {
                                            "unit": "px",
                                            "top": "0",
                                            "right": "0",
                                            "bottom": "20",
                                            "left": "0",
                                            "isLinked": false
                                        },
                                        "margin_mobile": {
                                            "unit": "px",
                                            "top": "0",
                                            "right": "0",
                                            "bottom": "20",
                                            "left": "0",
                                            "isLinked": false
                                        },
                                        "padding_tablet": {
                                            "unit": "px",
                                            "top": "0",
                                            "right": "0",
                                            "bottom": "0",
                                            "left": "0",
                                            "isLinked": false
                                        },
                                        "padding_mobile": {
                                            "unit": "px",
                                            "top": "0",
                                            "right": "0",
                                            "bottom": "0",
                                            "left": "0",
                                            "isLinked": false
                                        }
                                    },
                                    "elements": [
                                        {
                                            "id": "5b275d0f",
                                            "settings": {
                                                "title": "SOCCA S.C.",
                                                "title_color": "#FFFFFF",
                                                "__globals__": {
                                                    "typography_typography": "globals\/typography?id=d1984b6",
                                                    "title_color": "globals\/colors?id=1988e30"
                                                }
                                            },
                                            "elements": [],
                                            "isInner": false,
                                            "widgetType": "heading",
                                            "elType": "widget"
                                        },
                                        {
                                            "id": "18683d5d",
                                            "settings": {
                                                "editor": "Socca caonsectetur adipiscing elit. Donec a feugiat purus. Duis turpis nunc, aliquam id nuncac.",
                                                "text_color": "#F2F2F2",
                                                "__globals__": {
                                                    "text_color": "",
                                                    "typography_typography": ""
                                                }
                                            },
                                            "elements": [],
                                            "isInner": false,
                                            "widgetType": "text-editor",
                                            "elType": "widget"
                                        },
                                        {
                                            "id": "70d45504",
                                            "settings": {
                                                "ekit_mail_chimp_email_address_placeholder": "Enter Email",
                                                "ekit_mail_chimp_email_icon_show": "",
                                                "ekit_mail_chimp_submit": "Submit",
                                                "ekit_mail_chimp_submit_icon_show": "",
                                                "ekit_mail_chimp_success_message": "Successfully listed this email",
                                                "ekit_mail_chimp_input_label_typography_typography": "custom",
                                                "ekit_mail_chimp_input_label_typography_font_family": "Saira",
                                                "ekit_mail_chimp_input_label_typography_font_weight": "600",
                                                "ekit_mail_chimp_input_typography_typography": "custom",
                                                "ekit_mail_chimp_input_typography_font_size": {
                                                    "unit": "px",
                                                    "size": "15",
                                                    "sizes": []
                                                },
                                                "ekit_mail_chimp_input_style_radius": {
                                                    "unit": "px",
                                                    "top": "0",
                                                    "right": "0",
                                                    "bottom": "0",
                                                    "left": "0",
                                                    "isLinked": ""
                                                },
                                                "ekit_mail_chimp_input_style_padding": {
                                                    "unit": "px",
                                                    "top": "10",
                                                    "right": "20",
                                                    "bottom": "10",
                                                    "left": "20",
                                                    "isLinked": ""
                                                },
                                                "ekit_mail_chimp_input_style_width__switch": "yes",
                                                "ekit_mail_chimp_input_style_width": {
                                                    "unit": "%",
                                                    "size": "61",
                                                    "sizes": []
                                                },
                                                "ekit_mail_chimp_input_style_margin_right": {
                                                    "unit": "px",
                                                    "size": "15",
                                                    "sizes": []
                                                },
                                                "ekit_mail_chimp_input_style_placeholder_color": "#595959",
                                                "ekit_mail_chimp_input_style_placeholder_font_size": {
                                                    "unit": "px",
                                                    "size": "15",
                                                    "sizes": []
                                                },
                                                "ekit_mail_chimp_button_typography_typography": "custom",
                                                "ekit_mail_chimp_button_typography_font_family": "Saira",
                                                "ekit_mail_chimp_button_typography_font_size": {
                                                    "unit": "px",
                                                    "size": "15",
                                                    "sizes": []
                                                },
                                                "ekit_mail_chimp_button_typography_font_weight": "400",
                                                "ekit_mail_chimp_button_border_radius": {
                                                    "unit": "px",
                                                    "top": "0",
                                                    "right": "0",
                                                    "bottom": "0",
                                                    "left": "0",
                                                    "isLinked": ""
                                                },
                                                "ekit_mail_chimp_button_border_padding": {
                                                    "unit": "px",
                                                    "top": "8",
                                                    "right": "20",
                                                    "bottom": "8",
                                                    "left": "20",
                                                    "isLinked": ""
                                                },
                                                "ekit_mail_chimp_button_border_width": {
                                                    "unit": "px",
                                                    "top": "1",
                                                    "right": "1",
                                                    "bottom": "1",
                                                    "left": "1",
                                                    "isLinked": "1"
                                                },
                                                "ekit_mail_chimp_button_border_color": "#F4FF23",
                                                "ekit_mail_chimp_button_style_margin": {
                                                    "unit": "px",
                                                    "top": "0",
                                                    "right": "0",
                                                    "bottom": "0",
                                                    "left": "0",
                                                    "isLinked": "1"
                                                },
                                                "ekit_mail_chimp_button_background_background": "classic",
                                                "ekit_mail_chimp_button_color_hover": "",
                                                "ekit_mail_chimp_button_background_hover_background": "classic",
                                                "ekit_mail_chimp_button_background_hover_color": "#C4CD1B",
                                                "__globals__": {
                                                    "ekit_mail_chimp_input_style_placeholder_color": "",
                                                    "ekit_mail_chimp_button_background_color": "globals\/colors?id=1988e30",
                                                    "ekit_mail_chimp_button_color": "globals\/colors?id=4ea2f0b",
                                                    "ekit_mail_chimp_button_border_color": "",
                                                    "ekit_mail_chimp_button_background_hover_color": "",
                                                    "ekit_mail_chimp_button_color_hover": ""
                                                },
                                                "ekit_mail_chimp_button_style_use_width_height": "yes",
                                                "ekit_mail_chimp_button_width": {
                                                    "unit": "px",
                                                    "size": "140",
                                                    "sizes": []
                                                },
                                                "ekit_mail_chimp_button_icon_padding_right": {
                                                    "unit": "px",
                                                    "size": "",
                                                    "sizes": []
                                                },
                                                "ekit_mail_chimp_input_label_typography_font_size_tablet": {
                                                    "unit": "px",
                                                    "size": 14,
                                                    "sizes": []
                                                },
                                                "ekit_mail_chimp_input_typography_font_size_tablet": {
                                                    "unit": "px",
                                                    "size": 14,
                                                    "sizes": []
                                                },
                                                "ekit_mail_chimp_input_typography_font_size_mobile": {
                                                    "unit": "px",
                                                    "size": 13,
                                                    "sizes": []
                                                },
                                                "ekit_mail_chimp_input_style_width_tablet": {
                                                    "unit": "%",
                                                    "size": 50,
                                                    "sizes": []
                                                },
                                                "ekit_mail_chimp_input_style_placeholder_font_size_tablet": {
                                                    "unit": "px",
                                                    "size": 14,
                                                    "sizes": []
                                                },
                                                "ekit_mail_chimp_input_style_placeholder_font_size_mobile": {
                                                    "unit": "px",
                                                    "size": 13,
                                                    "sizes": []
                                                },
                                                "ekit_mail_chimp_button_typography_font_size_tablet": {
                                                    "unit": "px",
                                                    "size": 14,
                                                    "sizes": []
                                                },
                                                "ekit_mail_chimp_button_typography_font_size_mobile": {
                                                    "unit": "px",
                                                    "size": 13,
                                                    "sizes": []
                                                },
                                                "ekit_mail_chimp_button_border_padding_tablet": {
                                                    "unit": "px",
                                                    "top": "8",
                                                    "right": "0",
                                                    "bottom": "9",
                                                    "left": "0",
                                                    "isLinked": false
                                                },
                                                "ekit_mail_chimp_button_border_padding_mobile": {
                                                    "unit": "px",
                                                    "top": "8",
                                                    "right": "0",
                                                    "bottom": "8",
                                                    "left": "0",
                                                    "isLinked": false
                                                },
                                                "ekit_mail_chimp_input_style_border_border": "solid",
                                                "ekit_mail_chimp_input_style_border_width": {
                                                    "unit": "px",
                                                    "top": "0",
                                                    "right": "0",
                                                    "bottom": "0",
                                                    "left": "0",
                                                    "isLinked": true
                                                },
                                                "ekit_mail_chimp_input_style_border_color": "#FFFFFF"
                                            },
                                            "elements": [],
                                            "isInner": false,
                                            "widgetType": "elementskit-mail-chimp",
                                            "elType": "widget"
                                        }
                                    ],
                                    "isInner": "1",
                                    "elType": "column"
                                },
                                {
                                    "id": "491ea39d",
                                    "settings": {
                                        "_column_size": "25",
                                        "_inline_size": 16,
                                        "padding": {
                                            "unit": "px",
                                            "top": "0",
                                            "right": "0",
                                            "bottom": "0",
                                            "left": "20",
                                            "isLinked": ""
                                        },
                                        "_inline_size_tablet": 35,
                                        "margin_tablet": {
                                            "unit": "px",
                                            "top": "10",
                                            "right": "0",
                                            "bottom": "0",
                                            "left": "0",
                                            "isLinked": false
                                        },
                                        "margin_mobile": {
                                            "unit": "px",
                                            "top": "20",
                                            "right": "0",
                                            "bottom": "20",
                                            "left": "0",
                                            "isLinked": false
                                        },
                                        "padding_tablet": {
                                            "unit": "px",
                                            "top": "0",
                                            "right": "0",
                                            "bottom": "0",
                                            "left": "0",
                                            "isLinked": false
                                        }
                                    },
                                    "elements": [
                                        {
                                            "id": "2d1fc29b",
                                            "settings": {
                                                "title": "Company",
                                                "title_color": "#FFFFFF",
                                                "header_size": "h5",
                                                "__globals__": {
                                                    "typography_typography": "globals\/typography?id=1efc178"
                                                }
                                            },
                                            "elements": [],
                                            "isInner": false,
                                            "widgetType": "heading",
                                            "elType": "widget"
                                        },
                                        {
                                            "id": "9cd3e04",
                                            "settings": {
                                                "icon_list": [
                                                    {
                                                        "text": "About Company",
                                                        "selected_icon": {
                                                            "value": "",
                                                            "library": ""
                                                        },
                                                        "_id": "f3c748a",
                                                        "link": {
                                                            "url": "#",
                                                            "is_external": "",
                                                            "nofollow": "",
                                                            "custom_attributes": ""
                                                        }
                                                    },
                                                    {
                                                        "text": "Services",
                                                        "selected_icon": {
                                                            "value": "",
                                                            "library": ""
                                                        },
                                                        "_id": "6cf3f3f",
                                                        "link": {
                                                            "url": "#",
                                                            "is_external": "",
                                                            "nofollow": "",
                                                            "custom_attributes": ""
                                                        }
                                                    },
                                                    {
                                                        "text": "News &amp; Feeds",
                                                        "selected_icon": {
                                                            "value": "",
                                                            "library": ""
                                                        },
                                                        "_id": "d458655",
                                                        "link": {
                                                            "url": "#",
                                                            "is_external": "",
                                                            "nofollow": "",
                                                            "custom_attributes": ""
                                                        }
                                                    },
                                                    {
                                                        "text": "Success Story",
                                                        "selected_icon": {
                                                            "value": "",
                                                            "library": ""
                                                        },
                                                        "_id": "1f495d9",
                                                        "link": {
                                                            "url": "#",
                                                            "is_external": "",
                                                            "nofollow": "",
                                                            "custom_attributes": ""
                                                        }
                                                    }
                                                ],
                                                "space_between": {
                                                    "unit": "px",
                                                    "size": "10",
                                                    "sizes": []
                                                },
                                                "icon_color": "#F4FF23",
                                                "text_color": "#FFFFFF",
                                                "__globals__": {
                                                    "text_color_hover": "globals\/colors?id=1988e30",
                                                    "icon_typography_typography": ""
                                                },
                                                "space_between_tablet": {
                                                    "unit": "px",
                                                    "size": 9,
                                                    "sizes": []
                                                },
                                                "space_between_mobile": {
                                                    "unit": "px",
                                                    "size": 8,
                                                    "sizes": []
                                                },
                                                "icon_size_tablet": {
                                                    "unit": "px",
                                                    "size": 13,
                                                    "sizes": []
                                                },
                                                "icon_size_mobile": {
                                                    "unit": "px",
                                                    "size": 12,
                                                    "sizes": []
                                                }
                                            },
                                            "elements": [],
                                            "isInner": false,
                                            "widgetType": "icon-list",
                                            "elType": "widget"
                                        }
                                    ],
                                    "isInner": "1",
                                    "elType": "column"
                                },
                                {
                                    "id": "199a7f8a",
                                    "settings": {
                                        "_column_size": "25",
                                        "_inline_size": 16,
                                        "padding": {
                                            "unit": "px",
                                            "top": "0",
                                            "right": "0",
                                            "bottom": "0",
                                            "left": "0",
                                            "isLinked": ""
                                        },
                                        "_inline_size_tablet": 35,
                                        "margin_tablet": {
                                            "unit": "px",
                                            "top": "10",
                                            "right": "0",
                                            "bottom": "0",
                                            "left": "0",
                                            "isLinked": false
                                        },
                                        "margin_mobile": {
                                            "unit": "px",
                                            "top": "0",
                                            "right": "0",
                                            "bottom": "20",
                                            "left": "0",
                                            "isLinked": false
                                        },
                                        "padding_tablet": {
                                            "unit": "px",
                                            "top": "0",
                                            "right": "0",
                                            "bottom": "0",
                                            "left": "0",
                                            "isLinked": false
                                        }
                                    },
                                    "elements": [
                                        {
                                            "id": "11c5adf",
                                            "settings": {
                                                "title": "Links",
                                                "title_color": "#FFFFFF",
                                                "header_size": "h5",
                                                "__globals__": {
                                                    "typography_typography": "globals\/typography?id=1efc178"
                                                }
                                            },
                                            "elements": [],
                                            "isInner": false,
                                            "widgetType": "heading",
                                            "elType": "widget"
                                        },
                                        {
                                            "id": "432f1a0f",
                                            "settings": {
                                                "icon_list": [
                                                    {
                                                        "text": "Team",
                                                        "selected_icon": {
                                                            "value": "",
                                                            "library": ""
                                                        },
                                                        "_id": "f3c748a",
                                                        "link": {
                                                            "url": "#",
                                                            "is_external": "",
                                                            "nofollow": "",
                                                            "custom_attributes": ""
                                                        }
                                                    },
                                                    {
                                                        "text": "Help &amp; FAQ",
                                                        "selected_icon": {
                                                            "value": "",
                                                            "library": ""
                                                        },
                                                        "_id": "6cf3f3f",
                                                        "link": {
                                                            "url": "#",
                                                            "is_external": "",
                                                            "nofollow": "",
                                                            "custom_attributes": ""
                                                        }
                                                    },
                                                    {
                                                        "text": "Academy",
                                                        "selected_icon": {
                                                            "value": "",
                                                            "library": ""
                                                        },
                                                        "_id": "d458655",
                                                        "link": {
                                                            "url": "#",
                                                            "is_external": "",
                                                            "nofollow": "",
                                                            "custom_attributes": ""
                                                        }
                                                    },
                                                    {
                                                        "text": "Contact",
                                                        "selected_icon": {
                                                            "value": "",
                                                            "library": ""
                                                        },
                                                        "_id": "1f495d9",
                                                        "link": {
                                                            "url": "#",
                                                            "is_external": "",
                                                            "nofollow": "",
                                                            "custom_attributes": ""
                                                        }
                                                    }
                                                ],
                                                "space_between": {
                                                    "unit": "px",
                                                    "size": "10",
                                                    "sizes": []
                                                },
                                                "icon_color": "#F4FF23",
                                                "text_color": "#FFFFFF",
                                                "__globals__": {
                                                    "text_color_hover": "globals\/colors?id=1988e30",
                                                    "icon_typography_typography": ""
                                                },
                                                "space_between_tablet": {
                                                    "unit": "px",
                                                    "size": 9,
                                                    "sizes": []
                                                },
                                                "space_between_mobile": {
                                                    "unit": "px",
                                                    "size": 8,
                                                    "sizes": []
                                                },
                                                "icon_size_tablet": {
                                                    "unit": "px",
                                                    "size": 13,
                                                    "sizes": []
                                                },
                                                "icon_size_mobile": {
                                                    "unit": "px",
                                                    "size": 12,
                                                    "sizes": []
                                                }
                                            },
                                            "elements": [],
                                            "isInner": false,
                                            "widgetType": "icon-list",
                                            "elType": "widget"
                                        }
                                    ],
                                    "isInner": "1",
                                    "elType": "column"
                                },
                                {
                                    "id": "53edd0cd",
                                    "settings": {
                                        "_column_size": "25",
                                        "_inline_size": 22.569,
                                        "padding": {
                                            "unit": "px",
                                            "top": "0",
                                            "right": "0",
                                            "bottom": "0",
                                            "left": "0",
                                            "isLinked": ""
                                        },
                                        "_inline_size_tablet": 30,
                                        "padding_mobile": {
                                            "unit": "px",
                                            "top": "0",
                                            "right": "0",
                                            "bottom": "0",
                                            "left": "0",
                                            "isLinked": false
                                        }
                                    },
                                    "elements": [
                                        {
                                            "id": "6e107790",
                                            "settings": {
                                                "title": "Contact",
                                                "title_color": "#FFFFFF",
                                                "header_size": "h5",
                                                "__globals__": {
                                                    "typography_typography": "globals\/typography?id=1efc178"
                                                }
                                            },
                                            "elements": [],
                                            "isInner": false,
                                            "widgetType": "heading",
                                            "elType": "widget"
                                        },
                                        {
                                            "id": "41fc7fd5",
                                            "settings": {
                                                "icon_list": [
                                                    {
                                                        "text": "+62 894 222 456 24",
                                                        "selected_icon": {
                                                            "value": "fas fa-phone-alt",
                                                            "library": "fa-solid"
                                                        },
                                                        "_id": "f3c748a"
                                                    },
                                                    {
                                                        "text": "socca@mail.com",
                                                        "selected_icon": {
                                                            "value": "fas fa-envelope",
                                                            "library": "fa-solid"
                                                        },
                                                        "_id": "6cf3f3f"
                                                    },
                                                    {
                                                        "text": "19 Sunset Street, Bali, Indonesia",
                                                        "selected_icon": {
                                                            "value": "fas fa-map-marker-alt",
                                                            "library": "fa-solid"
                                                        },
                                                        "_id": "d458655"
                                                    }
                                                ],
                                                "space_between": {
                                                    "unit": "px",
                                                    "size": "10",
                                                    "sizes": []
                                                },
                                                "icon_color": "#F4FF23",
                                                "text_color": "#FFFFFF",
                                                "__globals__": {
                                                    "text_color_hover": "globals\/colors?id=1988e30",
                                                    "icon_color": "globals\/colors?id=1988e30",
                                                    "icon_typography_typography": ""
                                                },
                                                "space_between_tablet": {
                                                    "unit": "px",
                                                    "size": 9,
                                                    "sizes": []
                                                },
                                                "space_between_mobile": {
                                                    "unit": "px",
                                                    "size": 8,
                                                    "sizes": []
                                                },
                                                "icon_size_tablet": {
                                                    "unit": "px",
                                                    "size": 13,
                                                    "sizes": []
                                                },
                                                "icon_size_mobile": {
                                                    "unit": "px",
                                                    "size": 12,
                                                    "sizes": []
                                                }
                                            },
                                            "elements": [],
                                            "isInner": false,
                                            "widgetType": "icon-list",
                                            "elType": "widget"
                                        }
                                    ],
                                    "isInner": "1",
                                    "elType": "column"
                                }
                            ],
                            "isInner": "1",
                            "elType": "section"
                        },
                        {
                            "id": "391dc2a0",
                            "settings": {
                                "align": "center",
                                "text": "Divider",
                                "color": "#5454542E",
                                "gap": {
                                    "unit": "px",
                                    "size": "0",
                                    "sizes": []
                                },
                                "width_tablet": {
                                    "unit": "%",
                                    "size": 100,
                                    "sizes": []
                                }
                            },
                            "elements": [],
                            "isInner": false,
                            "widgetType": "divider",
                            "elType": "widget"
                        },
                        {
                            "id": "598a94d0",
                            "settings": {
                                "structure": "20",
                                "margin": {
                                    "unit": "px",
                                    "top": "-10",
                                    "right": "0",
                                    "bottom": "0",
                                    "left": "0",
                                    "isLinked": ""
                                },
                                "padding": {
                                    "unit": "px",
                                    "top": "0",
                                    "right": "0",
                                    "bottom": "10",
                                    "left": "0",
                                    "isLinked": ""
                                },
                                "padding_mobile": {
                                    "unit": "px",
                                    "top": "10",
                                    "right": "0",
                                    "bottom": "0",
                                    "left": "0",
                                    "isLinked": false
                                },
                                "gap": "no"
                            },
                            "elements": [
                                {
                                    "id": "47d76df2",
                                    "settings": {
                                        "_column_size": "50",
                                        "content_position": "center",
                                        "margin_mobile": {
                                            "unit": "px",
                                            "top": "0",
                                            "right": "0",
                                            "bottom": "10",
                                            "left": "0",
                                            "isLinked": false
                                        },
                                        "padding_tablet": {
                                            "unit": "px",
                                            "top": "0",
                                            "right": "0",
                                            "bottom": "0",
                                            "left": "0",
                                            "isLinked": false
                                        }
                                    },
                                    "elements": [
                                        {
                                            "id": "72f4f6bf",
                                            "settings": {
                                                "title": "\u00a9 2020 Soccer Template by Jegtheme",
                                                "header_size": "div",
                                                "title_color": "#F2F2F2",
                                                "__globals__": {
                                                    "title_color": "",
                                                    "typography_typography": "globals\/typography?id=7642aaf"
                                                },
                                                "align_mobile": "center"
                                            },
                                            "elements": [],
                                            "isInner": false,
                                            "widgetType": "heading",
                                            "elType": "widget"
                                        }
                                    ],
                                    "isInner": "1",
                                    "elType": "column"
                                },
                                {
                                    "id": "63a88e46",
                                    "settings": {
                                        "_column_size": "50",
                                        "content_position_tablet": "center",
                                        "margin_mobile": {
                                            "unit": "px",
                                            "top": "0",
                                            "right": "0",
                                            "bottom": "20",
                                            "left": "0",
                                            "isLinked": false
                                        },
                                        "padding_tablet": {
                                            "unit": "px",
                                            "top": "0",
                                            "right": "0",
                                            "bottom": "0",
                                            "left": "0",
                                            "isLinked": false
                                        }
                                    },
                                    "elements": [
                                        {
                                            "id": "3bf0bc32",
                                            "settings": {
                                                "ekit_socialmedia_style": "text",
                                                "ekit_socialmedai_list_align": "right",
                                                "ekit_socialmedia_add_icons": [
                                                    {
                                                        "ekit_socialmedia_label": "Facebook",
                                                        "ekit_socialmedia_icon_hover_bg_color": "",
                                                        "_id": "f54e553",
                                                        "ekit_socialmedia_link": {
                                                            "url": "#",
                                                            "is_external": "",
                                                            "nofollow": "",
                                                            "custom_attributes": ""
                                                        },
                                                        "ekit_socialmedia_icon_color": "#F2F2F2",
                                                        "__globals__": {
                                                            "ekit_socialmedia_icon_color": "",
                                                            "ekit_socialmedia_icon_hover_color": "globals\/colors?id=1988e30"
                                                        }
                                                    },
                                                    {
                                                        "ekit_socialmedia_icons": {
                                                            "value": "icon icon-twitter",
                                                            "library": "ekiticons"
                                                        },
                                                        "ekit_socialmedia_label": "Twitter",
                                                        "ekit_socialmedia_icon_hover_bg_color": "",
                                                        "_id": "632ac66",
                                                        "ekit_socialmedia_link": {
                                                            "url": "#",
                                                            "is_external": "",
                                                            "nofollow": "",
                                                            "custom_attributes": ""
                                                        },
                                                        "ekit_socialmedia_icon_color": "#F2F2F2",
                                                        "__globals__": {
                                                            "ekit_socialmedia_icon_color": "",
                                                            "ekit_socialmedia_icon_hover_color": "globals\/colors?id=1988e30"
                                                        }
                                                    },
                                                    {
                                                        "ekit_socialmedia_icons": {
                                                            "value": "icon icon-linkedin",
                                                            "library": "ekiticons"
                                                        },
                                                        "ekit_socialmedia_label": "Youtube",
                                                        "ekit_socialmedia_icon_hover_bg_color": "",
                                                        "_id": "0cc7d33",
                                                        "ekit_socialmedia_link": {
                                                            "url": "#",
                                                            "is_external": "",
                                                            "nofollow": "",
                                                            "custom_attributes": ""
                                                        },
                                                        "ekit_socialmedia_icon_color": "#F2F2F2",
                                                        "__globals__": {
                                                            "ekit_socialmedia_icon_color": "",
                                                            "ekit_socialmedia_icon_hover_color": "globals\/colors?id=1988e30"
                                                        }
                                                    },
                                                    {
                                                        "ekit_socialmedia_icons": {
                                                            "value": "icon icon-linkedin",
                                                            "library": "ekiticons"
                                                        },
                                                        "ekit_socialmedia_label": "Instagram",
                                                        "ekit_socialmedia_icon_hover_bg_color": "",
                                                        "ekit_socialmedia_link": {
                                                            "url": "#",
                                                            "is_external": "",
                                                            "nofollow": "",
                                                            "custom_attributes": ""
                                                        },
                                                        "ekit_socialmedia_icon_color": "#F2F2F2",
                                                        "__globals__": {
                                                            "ekit_socialmedia_icon_color": "",
                                                            "ekit_socialmedia_icon_hover_color": "globals\/colors?id=1988e30"
                                                        },
                                                        "_id": "94e924f"
                                                    }
                                                ],
                                                "ekit_socialmedai_list_border_radius": {
                                                    "unit": "%",
                                                    "top": "0",
                                                    "right": "0",
                                                    "bottom": "0",
                                                    "left": "0",
                                                    "isLinked": "1"
                                                },
                                                "ekit_socialmedai_list_padding": {
                                                    "unit": "px",
                                                    "top": "0",
                                                    "right": "0",
                                                    "bottom": "0",
                                                    "left": "0",
                                                    "isLinked": "1"
                                                },
                                                "ekit_socialmedai_list_margin": {
                                                    "unit": "px",
                                                    "top": "5",
                                                    "right": "0",
                                                    "bottom": "5",
                                                    "left": "15",
                                                    "isLinked": ""
                                                },
                                                "ekit_socialmedai_list_line_height": {
                                                    "unit": "px",
                                                    "size": "0",
                                                    "sizes": []
                                                },
                                                "ekit_socialmedai_list_align_mobile": "center",
                                                "ekit_socialmedai_list_margin_mobile": {
                                                    "unit": "px",
                                                    "top": "0",
                                                    "right": "10",
                                                    "bottom": "0",
                                                    "left": "10",
                                                    "isLinked": false
                                                },
                                                "__globals__": {
                                                    "ekit_socialmedai_list_typography_typography": "globals\/typography?id=7642aaf"
                                                }
                                            },
                                            "elements": [],
                                            "isInner": false,
                                            "widgetType": "elementskit-social-media",
                                            "elType": "widget"
                                        }
                                    ],
                                    "isInner": "1",
                                    "elType": "column"
                                }
                            ],
                            "isInner": "1",
                            "elType": "section"
                        }
                    ],
                    "isInner": "",
                    "elType": "column"
                }
            ],
            "isInner": "",
            "elType": "section"
        }
    ],
    "page_settings": {
        "eael_ext_toc_title": "Table of Contents",
        "template": "elementor_canvas"
    }
}