{
    "version": "0.4",
    "title": "Global Kit Styles",
    "type": "section",
    "metadata": {
        "template_type": "global-styles",
        "include_in_zip": "1",
        "elementor_pro_required": null,
        "additional_template_information": [
            "These are the global theme styles configured through the Elementor Theme Styles area."
        ],
        "wp_page_template": "default"
    },
    "content": [],
    "page_settings": {
        "custom_colors": [
            {
                "_id": "1988e30",
                "title": "red",
                "color": "#C70101"
            },
            {
                "_id": "00e1299",
                "title": "black",
                "color": "#100707"
            },
            {
                "_id": "4ea2f0b",
                "title": "white",
                "color": "#FFFFFF"
            },
            {
                "_id": "d34468b",
                "title": "dark red",
                "color": "#B80000"
            },
            {
                "_id": "7049ee0",
                "title": "white bg",
                "color": "#F9F9F9"
            },
            {
                "_id": "fc93ee2",
                "title": "grey",
                "color": "#D3D3D3"
            },
            {
                "_id": "3a8a2cd",
                "title": "divider",
                "color": "#7B7B7B5C"
            }
        ],
        "custom_typography": [
            {
                "typography_typography": "custom",
                "typography_font_family": "Work Sans",
                "typography_font_size": {
                    "unit": "px",
                    "size": 14,
                    "sizes": []
                },
                "typography_font_weight": "400",
                "typography_text_transform": "uppercase",
                "typography_letter_spacing": {
                    "unit": "px",
                    "size": 1,
                    "sizes": []
                },
                "_id": "3a56188",
                "title": "button text"
            },
            {
                "typography_typography": "custom",
                "typography_font_family": "Hind",
                "typography_font_size": {
                    "unit": "px",
                    "size": 24,
                    "sizes": []
                },
                "typography_font_weight": "600",
                "_id": "1efc178",
                "title": "h5"
            },
            {
                "typography_typography": "custom",
                "typography_font_family": "Work Sans",
                "typography_font_size": {
                    "unit": "px",
                    "size": 16,
                    "sizes": []
                },
                "typography_font_weight": "400",
                "_id": "1260556",
                "title": "teks 400"
            },
            {
                "typography_typography": "custom",
                "typography_font_family": "Hind",
                "typography_font_size": {
                    "unit": "px",
                    "size": 56,
                    "sizes": []
                },
                "typography_font_weight": "800",
                "_id": "d7ffd59",
                "title": "h2",
                "typography_line_height": {
                    "unit": "em",
                    "size": 1,
                    "sizes": []
                },
                "typography_font_size_mobile": {
                    "unit": "px",
                    "size": 38,
                    "sizes": []
                }
            },
            {
                "typography_typography": "custom",
                "typography_font_family": "Work Sans",
                "typography_font_size": {
                    "unit": "px",
                    "size": 14,
                    "sizes": []
                },
                "typography_font_size_tablet": {
                    "unit": "px",
                    "size": 13,
                    "sizes": []
                },
                "typography_font_size_mobile": {
                    "unit": "px",
                    "size": 12,
                    "sizes": []
                },
                "typography_font_weight": "300",
                "_id": "7642aaf",
                "title": "accent"
            },
            {
                "typography_typography": "custom",
                "typography_font_family": "Work Sans",
                "typography_font_size": {
                    "unit": "px",
                    "size": 38,
                    "sizes": []
                },
                "typography_font_weight": "600",
                "_id": "0d0a71b",
                "title": "Number"
            },
            {
                "typography_typography": "custom",
                "typography_font_family": "Work Sans",
                "typography_font_size": {
                    "unit": "px",
                    "size": 42,
                    "sizes": []
                },
                "typography_font_weight": "800",
                "_id": "d7acc7a",
                "title": "funfact number"
            },
            {
                "typography_typography": "custom",
                "typography_font_family": "Hind",
                "typography_font_size": {
                    "unit": "px",
                    "size": 32,
                    "sizes": []
                },
                "typography_font_weight": "800",
                "typography_line_height": {
                    "unit": "em",
                    "size": 1,
                    "sizes": []
                },
                "_id": "f05cfaa",
                "title": "h4"
            },
            {
                "typography_typography": "custom",
                "typography_font_family": "Hind",
                "typography_font_size": {
                    "unit": "px",
                    "size": 42,
                    "sizes": []
                },
                "typography_font_weight": "800",
                "typography_line_height": {
                    "unit": "em",
                    "size": 1,
                    "sizes": []
                },
                "_id": "bca5e5a",
                "title": "h3"
            },
            {
                "typography_typography": "custom",
                "typography_font_family": "Work Sans",
                "typography_font_size": {
                    "unit": "px",
                    "size": 18,
                    "sizes": []
                },
                "typography_font_weight": "600",
                "_id": "c51b32c",
                "title": "h6"
            },
            {
                "typography_typography": "custom",
                "typography_font_family": "Work Sans",
                "typography_font_size": {
                    "unit": "px",
                    "size": 18,
                    "sizes": []
                },
                "typography_font_weight": "600",
                "typography_font_style": "italic",
                "_id": "5d70053",
                "title": "quote"
            },
            {
                "typography_typography": "custom",
                "typography_font_family": "Work Sans",
                "typography_font_size": {
                    "unit": "px",
                    "size": 240,
                    "sizes": []
                },
                "typography_font_weight": "800",
                "typography_line_height": {
                    "unit": "em",
                    "size": 1,
                    "sizes": []
                },
                "_id": "f9ee007",
                "title": "404 page",
                "typography_font_size_mobile": {
                    "unit": "px",
                    "size": 100,
                    "sizes": []
                }
            },
            {
                "typography_typography": "custom",
                "typography_font_family": "Hind",
                "typography_font_size": {
                    "unit": "px",
                    "size": 30,
                    "sizes": []
                },
                "typography_font_weight": "800",
                "_id": "d1984b6",
                "title": "logo text"
            },
            {
                "typography_typography": "custom",
                "typography_font_family": "Work Sans",
                "typography_font_size": {
                    "unit": "px",
                    "size": 14,
                    "sizes": []
                },
                "typography_font_weight": "600",
                "typography_text_transform": "uppercase",
                "typography_letter_spacing": {
                    "unit": "px",
                    "size": 1,
                    "sizes": []
                },
                "_id": "9e2bbf0",
                "title": "menu text"
            },
            {
                "typography_typography": "custom",
                "typography_font_family": "Hind",
                "typography_font_size": {
                    "unit": "px",
                    "size": 24,
                    "sizes": []
                },
                "typography_font_size_tablet": {
                    "unit": "px",
                    "size": 24,
                    "sizes": []
                },
                "typography_font_weight": "800",
                "_id": "003976a",
                "title": "h5 bold"
            },
            {
                "typography_typography": "custom",
                "typography_font_family": "Hind",
                "typography_font_size": {
                    "unit": "px",
                    "size": 20,
                    "sizes": []
                },
                "typography_font_size_tablet": {
                    "unit": "px",
                    "size": 20,
                    "sizes": []
                },
                "typography_font_size_mobile": {
                    "unit": "px",
                    "size": 18,
                    "sizes": []
                },
                "typography_font_weight": "800",
                "typography_text_transform": "uppercase",
                "_id": "3b25763",
                "title": "h5 20px"
            },
            {
                "typography_typography": "custom",
                "typography_font_family": "Hind",
                "typography_font_size": {
                    "unit": "px",
                    "size": 78,
                    "sizes": []
                },
                "typography_font_size_mobile": {
                    "unit": "px",
                    "size": 42,
                    "sizes": []
                },
                "typography_font_weight": "800",
                "_id": "f875e00",
                "title": "h1",
                "typography_line_height": {
                    "unit": "em",
                    "size": 1.1,
                    "sizes": []
                }
            },
            {
                "typography_typography": "custom",
                "typography_font_family": "Hind",
                "typography_font_size": {
                    "unit": "px",
                    "size": 32,
                    "sizes": []
                },
                "typography_font_weight": "800",
                "typography_text_transform": "uppercase",
                "typography_line_height": {
                    "unit": "em",
                    "size": 1,
                    "sizes": []
                },
                "_id": "47b3091",
                "title": "h4 capitalize"
            }
        ],
        "system_colors": [
            {
                "_id": "primary",
                "title": "Primary",
                "color": "#100707"
            },
            {
                "_id": "secondary",
                "title": "Secondary",
                "color": "#FFFFFF"
            },
            {
                "_id": "text",
                "title": "Text",
                "color": "#100707"
            },
            {
                "_id": "accent",
                "title": "Accent",
                "color": "#C70101"
            }
        ],
        "system_typography": [
            {
                "_id": "primary",
                "title": "Primary",
                "typography_typography": "custom",
                "typography_font_family": "Hind",
                "typography_font_weight": "600"
            },
            {
                "_id": "secondary",
                "title": "Secondary",
                "typography_typography": "custom",
                "typography_font_family": "Work Sans",
                "typography_font_weight": "400"
            },
            {
                "_id": "text",
                "title": "Text",
                "typography_typography": "custom",
                "typography_font_family": "Work Sans",
                "typography_font_weight": "400",
                "typography_font_size": {
                    "unit": "px",
                    "size": 16,
                    "sizes": []
                }
            },
            {
                "_id": "accent",
                "title": "Accent",
                "typography_typography": "custom",
                "typography_font_family": "Work Sans",
                "typography_font_weight": "500"
            }
        ],
        "default_generic_fonts": "Sans-serif",
        "site_name": "Socca",
        "site_description": "Soccer &amp; Football Team, Sports Club Elementor Template Kit by Jegtheme",
        "page_title_selector": "h1.entry-title",
        "activeItemIndex": 1,
        "body_background_background": "classic",
        "__globals__": {
            "body_background_color": "globals\/colors?id=7049ee0",
            "body_color": "globals\/colors?id=00e1299",
            "body_typography_typography": "",
            "link_normal_color": "globals\/colors?id=1988e30",
            "h1_color": "globals\/colors?id=00e1299",
            "h2_color": "globals\/colors?id=00e1299",
            "h3_color": "globals\/colors?id=00e1299",
            "h4_color": "globals\/colors?id=00e1299",
            "h5_color": "globals\/colors?id=00e1299",
            "h6_color": "globals\/colors?id=00e1299",
            "button_typography_typography": "globals\/typography?id=3a56188",
            "button_text_color": "globals\/colors?id=4ea2f0b",
            "button_background_color": "globals\/colors?id=1988e30",
            "form_label_color": "globals\/colors?id=00e1299",
            "form_label_typography_typography": "",
            "form_field_typography_typography": "globals\/typography?id=2387553",
            "form_field_text_color": "globals\/colors?id=00e1299",
            "form_field_focus_text_color": "globals\/colors?id=1988e30",
            "form_field_border_color": "globals\/colors?id=3a8a2cd",
            "form_field_background_color": "globals\/colors?id=7049ee0"
        },
        "body_color": "#100707",
        "body_typography_typography": "custom",
        "body_typography_font_family": "Work Sans",
        "body_typography_font_size": {
            "unit": "px",
            "size": 16,
            "sizes": []
        },
        "body_typography_font_size_mobile": {
            "unit": "px",
            "size": 14,
            "sizes": []
        },
        "body_typography_font_weight": "400",
        "link_normal_color": "#C70101",
        "h1_color": "#100707",
        "h1_typography_typography": "custom",
        "h1_typography_font_family": "Hind",
        "h1_typography_font_weight": "800",
        "h2_color": "#100707",
        "h2_typography_typography": "custom",
        "h2_typography_font_family": "Hind",
        "h2_typography_font_weight": "800",
        "h3_color": "#100707",
        "h3_typography_typography": "custom",
        "h3_typography_font_family": "Hind",
        "h3_typography_font_weight": "800",
        "h4_color": "#100707",
        "h4_typography_typography": "custom",
        "h4_typography_font_weight": "800",
        "h5_color": "#100707",
        "h5_typography_typography": "custom",
        "h5_typography_font_family": "Hind",
        "h5_typography_font_weight": "800",
        "h6_color": "#100707",
        "h6_typography_typography": "custom",
        "h6_typography_font_family": "Work Sans",
        "h6_typography_font_weight": "600",
        "button_typography_typography": "custom",
        "button_typography_font_family": "Work Sans",
        "button_typography_font_size": {
            "unit": "px",
            "size": 14,
            "sizes": []
        },
        "button_typography_font_weight": "400",
        "button_typography_text_transform": "uppercase",
        "button_typography_letter_spacing": {
            "unit": "px",
            "size": 1,
            "sizes": []
        },
        "button_text_color": "#FFFFFF",
        "button_background_color": "#C70101",
        "button_border_border": "solid",
        "button_border_width": {
            "unit": "px",
            "top": "0",
            "right": "0",
            "bottom": "0",
            "left": "0",
            "isLinked": true
        },
        "button_border_radius": {
            "unit": "px",
            "top": "0",
            "right": "0",
            "bottom": "0",
            "left": "0",
            "isLinked": true
        },
        "button_padding": {
            "unit": "px",
            "top": "20",
            "right": "32",
            "bottom": "20",
            "left": "32",
            "isLinked": false
        },
        "form_label_color": "#100707",
        "form_label_typography_typography": "custom",
        "form_label_typography_font_family": "Work Sans",
        "form_label_typography_font_size": {
            "unit": "px",
            "size": 16,
            "sizes": []
        },
        "form_label_typography_font_weight": "400",
        "form_label_typography_line_height": {
            "unit": "em",
            "size": 2.5,
            "sizes": []
        },
        "form_field_border_border": "solid",
        "form_field_border_radius": {
            "unit": "px",
            "top": "0",
            "right": "0",
            "bottom": "0",
            "left": "0",
            "isLinked": true
        },
        "body_background_color": "#F9F9F9"
    }
}