{
    "version": "0.4",
    "title": "Header",
    "type": "section",
    "metadata": {
        "template_type": "section-header",
        "include_in_zip": "1",
        "elementor_pro_required": null,
        "wp_page_template": "elementor_canvas"
    },
    "content": [
        {
            "id": "30a59282",
            "settings": {
                "gap": "no",
                "structure": "20",
                "background_background": "classic",
                "padding": {
                    "unit": "px",
                    "top": "10",
                    "right": "0",
                    "bottom": "10",
                    "left": "0",
                    "isLinked": false
                },
                "__globals__": {
                    "background_color": "globals\/colors?id=00e1299"
                },
                "hide_tablet": "hidden-tablet",
                "hide_mobile": "hidden-phone"
            },
            "elements": [
                {
                    "id": "4b20d4cb",
                    "settings": {
                        "_column_size": 50,
                        "_inline_size": null
                    },
                    "elements": [
                        {
                            "id": "6f640c39",
                            "settings": {
                                "icon_list": [
                                    {
                                        "text": "contact@socca.com",
                                        "selected_icon": {
                                            "value": "fas fa-envelope",
                                            "library": "fa-solid"
                                        },
                                        "_id": "e197953"
                                    }
                                ],
                                "__globals__": {
                                    "icon_color": "globals\/colors?id=4ea2f0b",
                                    "text_color": "globals\/colors?id=4ea2f0b",
                                    "icon_typography_typography": "globals\/typography?id=7642aaf"
                                }
                            },
                            "elements": [],
                            "isInner": false,
                            "widgetType": "icon-list",
                            "elType": "widget"
                        }
                    ],
                    "isInner": false,
                    "elType": "column"
                },
                {
                    "id": "3127abe9",
                    "settings": {
                        "_column_size": 50,
                        "_inline_size": null
                    },
                    "elements": [
                        {
                            "id": "654e1563",
                            "settings": {
                                "ekit_socialmedai_list_align": "right",
                                "ekit_socialmedia_add_icons": [
                                    {
                                        "ekit_socialmedia_label": "Facebook",
                                        "ekit_socialmedia_icon_hover_bg_color": "",
                                        "_id": "f54e553",
                                        "ekit_socialmedia_link": {
                                            "url": "#",
                                            "is_external": "",
                                            "nofollow": "",
                                            "custom_attributes": ""
                                        },
                                        "ekit_socialmedia_icon_color": "#F2F2F2",
                                        "__globals__": {
                                            "ekit_socialmedia_icon_color": "",
                                            "ekit_socialmedia_icon_hover_color": "globals\/colors?id=1988e30"
                                        }
                                    },
                                    {
                                        "ekit_socialmedia_icons": {
                                            "value": "icon icon-twitter",
                                            "library": "ekiticons"
                                        },
                                        "ekit_socialmedia_label": "Twitter",
                                        "ekit_socialmedia_icon_hover_bg_color": "",
                                        "_id": "632ac66",
                                        "ekit_socialmedia_link": {
                                            "url": "#",
                                            "is_external": "",
                                            "nofollow": "",
                                            "custom_attributes": ""
                                        },
                                        "ekit_socialmedia_icon_color": "#F2F2F2",
                                        "__globals__": {
                                            "ekit_socialmedia_icon_color": "",
                                            "ekit_socialmedia_icon_hover_color": "globals\/colors?id=1988e30"
                                        }
                                    },
                                    {
                                        "ekit_socialmedia_icons": {
                                            "value": "fab fa-youtube",
                                            "library": "fa-brands"
                                        },
                                        "ekit_socialmedia_label": "Youtube",
                                        "ekit_socialmedia_icon_hover_bg_color": "",
                                        "_id": "0cc7d33",
                                        "ekit_socialmedia_link": {
                                            "url": "#",
                                            "is_external": "",
                                            "nofollow": "",
                                            "custom_attributes": ""
                                        },
                                        "ekit_socialmedia_icon_color": "#F2F2F2",
                                        "__globals__": {
                                            "ekit_socialmedia_icon_color": "",
                                            "ekit_socialmedia_icon_hover_color": "globals\/colors?id=1988e30"
                                        }
                                    },
                                    {
                                        "ekit_socialmedia_icons": {
                                            "value": "icon icon-instagram-1",
                                            "library": "ekiticons"
                                        },
                                        "ekit_socialmedia_label": "Instagram",
                                        "ekit_socialmedia_icon_hover_bg_color": "",
                                        "ekit_socialmedia_link": {
                                            "url": "#",
                                            "is_external": "",
                                            "nofollow": "",
                                            "custom_attributes": ""
                                        },
                                        "ekit_socialmedia_icon_color": "#F2F2F2",
                                        "__globals__": {
                                            "ekit_socialmedia_icon_color": "",
                                            "ekit_socialmedia_icon_hover_color": "globals\/colors?id=1988e30"
                                        },
                                        "_id": "94e924f"
                                    }
                                ],
                                "ekit_socialmedai_list_border_radius": {
                                    "unit": "%",
                                    "top": "0",
                                    "right": "0",
                                    "bottom": "0",
                                    "left": "0",
                                    "isLinked": "1"
                                },
                                "ekit_socialmedai_list_padding": {
                                    "unit": "px",
                                    "top": "0",
                                    "right": "0",
                                    "bottom": "0",
                                    "left": "0",
                                    "isLinked": "1"
                                },
                                "ekit_socialmedai_list_margin": {
                                    "unit": "px",
                                    "top": "5",
                                    "right": "0",
                                    "bottom": "5",
                                    "left": "15",
                                    "isLinked": ""
                                },
                                "ekit_socialmedai_list_typography_font_family": "Work Sans",
                                "ekit_socialmedai_list_typography_font_size": {
                                    "unit": "px",
                                    "size": 14,
                                    "sizes": []
                                },
                                "ekit_socialmedai_list_typography_font_weight": "300",
                                "ekit_socialmedai_list_line_height": {
                                    "unit": "px",
                                    "size": "0",
                                    "sizes": []
                                },
                                "ekit_socialmedai_list_align_mobile": "center",
                                "ekit_socialmedai_list_margin_mobile": {
                                    "unit": "px",
                                    "top": "0",
                                    "right": "10",
                                    "bottom": "0",
                                    "left": "10",
                                    "isLinked": false
                                },
                                "ekit_socialmedai_list_typography_font_size_tablet": {
                                    "unit": "px",
                                    "size": 13,
                                    "sizes": []
                                },
                                "ekit_socialmedai_list_typography_font_size_mobile": {
                                    "unit": "px",
                                    "size": 12,
                                    "sizes": []
                                },
                                "ekit_socialmedai_list_height": {
                                    "unit": "px",
                                    "size": 14,
                                    "sizes": []
                                },
                                "_margin": {
                                    "unit": "px",
                                    "top": "0",
                                    "right": "0",
                                    "bottom": "0",
                                    "left": "0",
                                    "isLinked": false
                                },
                                "_padding": {
                                    "unit": "px",
                                    "top": "0",
                                    "right": "0",
                                    "bottom": "0",
                                    "left": "0",
                                    "isLinked": false
                                }
                            },
                            "elements": [],
                            "isInner": false,
                            "widgetType": "elementskit-social-media",
                            "elType": "widget"
                        }
                    ],
                    "isInner": false,
                    "elType": "column"
                }
            ],
            "isInner": false,
            "elType": "section"
        },
        {
            "id": "4a951af0",
            "settings": {
                "content_position": "middle",
                "background_background": "gradient",
                "background_color_b_stop": {
                    "unit": "%",
                    "size": 0,
                    "sizes": []
                },
                "background_gradient_angle": {
                    "unit": "deg",
                    "size": 300,
                    "sizes": []
                },
                "margin_tablet": {
                    "unit": "px",
                    "top": "",
                    "right": 0,
                    "bottom": "",
                    "left": 0,
                    "isLinked": true
                },
                "background_overlay_background": "gradient",
                "background_overlay_opacity": {
                    "unit": "px",
                    "size": 1,
                    "sizes": []
                },
                "padding_mobile": {
                    "unit": "px",
                    "top": "0",
                    "right": "0",
                    "bottom": "0",
                    "left": "0",
                    "isLinked": false
                },
                "gap": "no",
                "background_color_stop": {
                    "unit": "%",
                    "size": 7,
                    "sizes": []
                },
                "background_overlay_color": "#02010100",
                "background_overlay_color_stop": {
                    "unit": "%",
                    "size": 93,
                    "sizes": []
                },
                "background_overlay_color_b": "#B80000",
                "background_overlay_color_b_stop": {
                    "unit": "%",
                    "size": 0,
                    "sizes": []
                },
                "background_overlay_gradient_angle": {
                    "unit": "deg",
                    "size": 300,
                    "sizes": []
                },
                "box_shadow_box_shadow_type": "yes",
                "box_shadow_box_shadow": {
                    "horizontal": 0,
                    "vertical": 5,
                    "blur": 10,
                    "spread": 0,
                    "color": "rgba(0, 0, 0, 0.1)"
                },
                "__globals__": {
                    "background_color_b": "globals\/colors?id=1988e30",
                    "background_color": "globals\/colors?id=d34468b"
                },
                "z_index": 1,
                "hide_tablet": "hidden-tablet",
                "hide_mobile": "hidden-phone"
            },
            "elements": [
                {
                    "id": "6efe3c08",
                    "settings": {
                        "_column_size": 100,
                        "_inline_size": null,
                        "padding": {
                            "unit": "px",
                            "top": "15",
                            "right": "10",
                            "bottom": "15",
                            "left": "10",
                            "isLinked": false
                        },
                        "background_color": "#001744",
                        "background_color_stop": {
                            "unit": "%",
                            "size": 90,
                            "sizes": []
                        },
                        "background_color_b": "#00143C",
                        "background_color_b_stop": {
                            "unit": "%",
                            "size": 45,
                            "sizes": []
                        },
                        "background_gradient_angle": {
                            "unit": "deg",
                            "size": 300,
                            "sizes": []
                        },
                        "margin_tablet": {
                            "unit": "px",
                            "top": "0",
                            "right": "0",
                            "bottom": "0",
                            "left": "10",
                            "isLinked": false
                        },
                        "_inline_size_tablet": 80,
                        "background_overlay_background": "classic",
                        "padding_tablet": {
                            "unit": "px",
                            "top": "0",
                            "right": "0",
                            "bottom": "0",
                            "left": "60",
                            "isLinked": false
                        },
                        "_inline_size_mobile": 65,
                        "padding_mobile": {
                            "unit": "px",
                            "top": "0",
                            "right": "0",
                            "bottom": "0",
                            "left": "0",
                            "isLinked": false
                        }
                    },
                    "elements": [
                        {
                            "id": "6ea42c70",
                            "settings": {
                                "gap": "no",
                                "content_position": "middle",
                                "margin": {
                                    "unit": "px",
                                    "top": "0",
                                    "right": 0,
                                    "bottom": "0",
                                    "left": 0,
                                    "isLinked": false
                                },
                                "z_index": 2,
                                "margin_tablet": {
                                    "unit": "px",
                                    "top": "",
                                    "right": 0,
                                    "bottom": "",
                                    "left": 0,
                                    "isLinked": true
                                },
                                "padding_tablet": {
                                    "unit": "px",
                                    "top": "10",
                                    "right": "0",
                                    "bottom": "10",
                                    "left": "0",
                                    "isLinked": false
                                },
                                "reverse_order_tablet": "reverse-tablet",
                                "background_background": "classic",
                                "background_image_mobile": {
                                    "url": "https:\/\/templatekit.jegtheme.com\/ggwepe\/wp-content\/uploads\/sites\/57\/2020\/11\/back.jpg",
                                    "id": 688
                                },
                                "padding_mobile": {
                                    "unit": "px",
                                    "top": "20",
                                    "right": "20",
                                    "bottom": "20",
                                    "left": "0",
                                    "isLinked": false
                                },
                                "structure": "30"
                            },
                            "elements": [
                                {
                                    "id": "6657d4dd",
                                    "settings": {
                                        "_column_size": 33,
                                        "_inline_size": 40,
                                        "_inline_size_tablet": 90
                                    },
                                    "elements": [
                                        {
                                            "id": "66a90261",
                                            "settings": {
                                                "sg_menu_choose": "menu-1",
                                                "sg_menu_alignment_responsive": "flex-end",
                                                "st_menu_wrapper_height_responsive": {
                                                    "unit": "px",
                                                    "size": 48,
                                                    "sizes": []
                                                },
                                                "st_menu_item_spacing_responsive": {
                                                    "unit": "px",
                                                    "top": "0",
                                                    "right": "0",
                                                    "bottom": "0",
                                                    "left": "47",
                                                    "isLinked": false
                                                },
                                                "__globals__": {
                                                    "st_menu_item_text_normal_color_responsive": "globals\/colors?id=4ea2f0b",
                                                    "st_menu_item_text_hover_color_responsive": "globals\/colors?id=00e1299",
                                                    "st_menu_item_text_active_color_responsive": "globals\/colors?id=00e1299",
                                                    "st_submenu_item_indicator_color_responsive": "globals\/colors?id=4ea2f0b",
                                                    "st_submenu_item_text_normal_color_responsive": "globals\/colors?id=00e1299",
                                                    "st_submenu_item_text_hover_color_responsive": "globals\/colors?id=1988e30",
                                                    "st_submenu_item_text_active_color_responsive": "globals\/colors?id=1988e30",
                                                    "st_submenu_item_typography_content_typography_typography": "globals\/typography?id=1260556",
                                                    "st_menu_item_typography_content_typography_typography": "globals\/typography?id=9e2bbf0"
                                                },
                                                "sg_mobile_menu_submenu_click": "",
                                                "st_submenu_item_indicator_margin_responsive": {
                                                    "unit": "px",
                                                    "top": "0",
                                                    "right": "0",
                                                    "bottom": "0",
                                                    "left": "10",
                                                    "isLinked": false
                                                },
                                                "st_submenu_panel_padding_responsive": {
                                                    "unit": "px",
                                                    "top": "10",
                                                    "right": "10",
                                                    "bottom": "10",
                                                    "left": "10",
                                                    "isLinked": false
                                                },
                                                "st_submenu_panel_container_width_responsive": {
                                                    "unit": "px",
                                                    "size": 210,
                                                    "sizes": []
                                                }
                                            },
                                            "elements": [],
                                            "isInner": false,
                                            "widgetType": "jkit_nav_menu",
                                            "elType": "widget"
                                        }
                                    ],
                                    "isInner": true,
                                    "elType": "column"
                                },
                                {
                                    "id": "1fa26f12",
                                    "settings": {
                                        "_column_size": 33,
                                        "_inline_size": 20
                                    },
                                    "elements": [
                                        {
                                            "id": "4d6d6284",
                                            "settings": {
                                                "image": {
                                                    "url": "https:\/\/templatekit.jegtheme.com\/socca\/wp-content\/uploads\/sites\/54\/2021\/03\/Socca-Logo.png",
                                                    "id": 240
                                                },
                                                "image_size": "full",
                                                "width": {
                                                    "unit": "%",
                                                    "size": 52,
                                                    "sizes": []
                                                },
                                                "_margin": {
                                                    "unit": "px",
                                                    "top": "0",
                                                    "right": "0",
                                                    "bottom": "-60",
                                                    "left": "0",
                                                    "isLinked": false
                                                },
                                                "_z_index": 1
                                            },
                                            "elements": [],
                                            "isInner": false,
                                            "widgetType": "image",
                                            "elType": "widget"
                                        }
                                    ],
                                    "isInner": true,
                                    "elType": "column"
                                },
                                {
                                    "id": "3a8b9b24",
                                    "settings": {
                                        "_column_size": 33,
                                        "_inline_size": 39.636,
                                        "align": "flex-end"
                                    },
                                    "elements": [
                                        {
                                            "id": "331b3c38",
                                            "settings": {
                                                "sg_menu_choose": "menu-2",
                                                "st_menu_wrapper_height_responsive": {
                                                    "unit": "px",
                                                    "size": 48,
                                                    "sizes": []
                                                },
                                                "st_menu_item_spacing_responsive": {
                                                    "unit": "px",
                                                    "top": "0",
                                                    "right": "47",
                                                    "bottom": "0",
                                                    "left": "0",
                                                    "isLinked": false
                                                },
                                                "__globals__": {
                                                    "st_menu_item_text_normal_color_responsive": "globals\/colors?id=4ea2f0b",
                                                    "st_menu_item_text_hover_color_responsive": "globals\/colors?id=00e1299",
                                                    "st_menu_item_text_active_color_responsive": "globals\/colors?id=00e1299",
                                                    "st_submenu_item_indicator_color_responsive": "globals\/colors?id=4ea2f0b",
                                                    "st_submenu_item_text_normal_color_responsive": "globals\/colors?id=00e1299",
                                                    "st_submenu_item_text_hover_color_responsive": "globals\/colors?id=1988e30",
                                                    "st_submenu_item_text_active_color_responsive": "globals\/colors?id=1988e30",
                                                    "st_submenu_item_typography_content_typography_typography": "globals\/typography?id=1260556",
                                                    "st_menu_item_typography_content_typography_typography": "globals\/typography?id=9e2bbf0"
                                                },
                                                "sg_mobile_menu_submenu_click": "",
                                                "st_submenu_item_indicator_margin_responsive": {
                                                    "unit": "px",
                                                    "top": "0",
                                                    "right": "0",
                                                    "bottom": "0",
                                                    "left": "10",
                                                    "isLinked": false
                                                },
                                                "st_submenu_panel_padding_responsive": {
                                                    "unit": "px",
                                                    "top": "10",
                                                    "right": "10",
                                                    "bottom": "10",
                                                    "left": "10",
                                                    "isLinked": false
                                                },
                                                "st_submenu_panel_container_width_responsive": {
                                                    "unit": "px",
                                                    "size": 210,
                                                    "sizes": []
                                                }
                                            },
                                            "elements": [],
                                            "isInner": false,
                                            "widgetType": "jkit_nav_menu",
                                            "elType": "widget"
                                        }
                                    ],
                                    "isInner": true,
                                    "elType": "column"
                                }
                            ],
                            "isInner": true,
                            "elType": "section"
                        }
                    ],
                    "isInner": false,
                    "elType": "column"
                }
            ],
            "isInner": false,
            "elType": "section"
        },
        {
            "id": "f8357c9",
            "settings": {
                "content_position": "middle",
                "background_background": "gradient",
                "background_color_b_stop": {
                    "unit": "%",
                    "size": 0,
                    "sizes": []
                },
                "background_gradient_angle": {
                    "unit": "deg",
                    "size": 300,
                    "sizes": []
                },
                "margin_tablet": {
                    "unit": "px",
                    "top": "",
                    "right": 0,
                    "bottom": "",
                    "left": 0,
                    "isLinked": true
                },
                "background_overlay_background": "gradient",
                "background_overlay_opacity": {
                    "unit": "px",
                    "size": 1,
                    "sizes": []
                },
                "padding_mobile": {
                    "unit": "px",
                    "top": "10",
                    "right": "0",
                    "bottom": "10",
                    "left": "0",
                    "isLinked": false
                },
                "gap": "no",
                "background_color_stop": {
                    "unit": "%",
                    "size": 7,
                    "sizes": []
                },
                "background_overlay_color": "#02010100",
                "background_overlay_color_stop": {
                    "unit": "%",
                    "size": 93,
                    "sizes": []
                },
                "background_overlay_color_b": "#B80000",
                "background_overlay_color_b_stop": {
                    "unit": "%",
                    "size": 0,
                    "sizes": []
                },
                "background_overlay_gradient_angle": {
                    "unit": "deg",
                    "size": 300,
                    "sizes": []
                },
                "box_shadow_box_shadow_type": "yes",
                "box_shadow_box_shadow": {
                    "horizontal": 0,
                    "vertical": 5,
                    "blur": 10,
                    "spread": 0,
                    "color": "rgba(0, 0, 0, 0.1)"
                },
                "__globals__": {
                    "background_color_b": "globals\/colors?id=1988e30",
                    "background_color": "globals\/colors?id=d34468b"
                },
                "z_index": 1,
                "hide_desktop": "hidden-desktop",
                "z_index_tablet": 1
            },
            "elements": [
                {
                    "id": "2c5692e8",
                    "settings": {
                        "_column_size": 100,
                        "_inline_size": null,
                        "padding": {
                            "unit": "px",
                            "top": "15",
                            "right": "10",
                            "bottom": "15",
                            "left": "10",
                            "isLinked": false
                        },
                        "background_color": "#001744",
                        "background_color_stop": {
                            "unit": "%",
                            "size": 90,
                            "sizes": []
                        },
                        "background_color_b": "#00143C",
                        "background_color_b_stop": {
                            "unit": "%",
                            "size": 45,
                            "sizes": []
                        },
                        "background_gradient_angle": {
                            "unit": "deg",
                            "size": 300,
                            "sizes": []
                        },
                        "margin_tablet": {
                            "unit": "px",
                            "top": "0",
                            "right": "0",
                            "bottom": "0",
                            "left": "10",
                            "isLinked": false
                        },
                        "_inline_size_tablet": 100,
                        "background_overlay_background": "classic",
                        "padding_tablet": {
                            "unit": "px",
                            "top": "0",
                            "right": "0",
                            "bottom": "0",
                            "left": "0",
                            "isLinked": false
                        },
                        "_inline_size_mobile": 100,
                        "padding_mobile": {
                            "unit": "px",
                            "top": "0",
                            "right": "10",
                            "bottom": "0",
                            "left": "10",
                            "isLinked": false
                        },
                        "margin_mobile": {
                            "unit": "px",
                            "top": "0",
                            "right": "0",
                            "bottom": "0",
                            "left": "0",
                            "isLinked": false
                        }
                    },
                    "elements": [
                        {
                            "id": "24f3cb37",
                            "settings": {
                                "gap": "no",
                                "content_position": "middle",
                                "margin": {
                                    "unit": "px",
                                    "top": "0",
                                    "right": 0,
                                    "bottom": "0",
                                    "left": 0,
                                    "isLinked": false
                                },
                                "z_index": 2,
                                "margin_tablet": {
                                    "unit": "px",
                                    "top": "",
                                    "right": 0,
                                    "bottom": "",
                                    "left": 0,
                                    "isLinked": true
                                },
                                "padding_tablet": {
                                    "unit": "px",
                                    "top": "10",
                                    "right": "0",
                                    "bottom": "10",
                                    "left": "0",
                                    "isLinked": false
                                },
                                "background_image_mobile": {
                                    "url": "https:\/\/templatekit.jegtheme.com\/ggwepe\/wp-content\/uploads\/sites\/57\/2020\/11\/back.jpg",
                                    "id": 688
                                },
                                "padding_mobile": {
                                    "unit": "px",
                                    "top": "0",
                                    "right": "0",
                                    "bottom": "0",
                                    "left": "0",
                                    "isLinked": false
                                },
                                "structure": "20"
                            },
                            "elements": [
                                {
                                    "id": "5f185476",
                                    "settings": {
                                        "_column_size": 50,
                                        "_inline_size": null,
                                        "_inline_size_tablet": 50,
                                        "_inline_size_mobile": 50
                                    },
                                    "elements": [
                                        {
                                            "id": "700bce81",
                                            "settings": {
                                                "image": {
                                                    "url": "https:\/\/templatekit.jegtheme.com\/socca\/wp-content\/uploads\/sites\/54\/2021\/03\/Socca-Logo.png",
                                                    "id": 240
                                                },
                                                "image_size": "full",
                                                "width": {
                                                    "unit": "%",
                                                    "size": 17,
                                                    "sizes": []
                                                },
                                                "_margin": {
                                                    "unit": "px",
                                                    "top": "0",
                                                    "right": "0",
                                                    "bottom": "-60",
                                                    "left": "0",
                                                    "isLinked": false
                                                },
                                                "_z_index": 1,
                                                "align_tablet": "left",
                                                "width_tablet": {
                                                    "unit": "%",
                                                    "size": 20,
                                                    "sizes": []
                                                },
                                                "_margin_tablet": {
                                                    "unit": "px",
                                                    "top": "0",
                                                    "right": "0",
                                                    "bottom": "-40",
                                                    "left": "0",
                                                    "isLinked": false
                                                },
                                                "_padding_tablet": {
                                                    "unit": "px",
                                                    "top": "0",
                                                    "right": "0",
                                                    "bottom": "0",
                                                    "left": "0",
                                                    "isLinked": false
                                                },
                                                "width_mobile": {
                                                    "unit": "%",
                                                    "size": 40,
                                                    "sizes": []
                                                },
                                                "_margin_mobile": {
                                                    "unit": "px",
                                                    "top": "0",
                                                    "right": "0",
                                                    "bottom": "-38",
                                                    "left": "0",
                                                    "isLinked": false
                                                }
                                            },
                                            "elements": [],
                                            "isInner": false,
                                            "widgetType": "image",
                                            "elType": "widget"
                                        }
                                    ],
                                    "isInner": true,
                                    "elType": "column"
                                },
                                {
                                    "id": "5b38aae8",
                                    "settings": {
                                        "_column_size": 50,
                                        "_inline_size": null,
                                        "_inline_size_tablet": 50,
                                        "_inline_size_mobile": 50
                                    },
                                    "elements": [
                                        {
                                            "id": "71235432",
                                            "settings": {
                                                "sg_menu_choose": "menu-complete",
                                                "sg_menu_alignment_responsive": "flex-end",
                                                "st_menu_wrapper_height_responsive": {
                                                    "unit": "px",
                                                    "size": 48,
                                                    "sizes": []
                                                },
                                                "st_menu_item_spacing_responsive": {
                                                    "unit": "px",
                                                    "top": "0",
                                                    "right": "0",
                                                    "bottom": "0",
                                                    "left": "47",
                                                    "isLinked": false
                                                },
                                                "__globals__": {
                                                    "st_menu_item_text_normal_color_responsive": "globals\/colors?id=4ea2f0b",
                                                    "st_menu_item_text_hover_color_responsive": "globals\/colors?id=00e1299",
                                                    "st_menu_item_text_active_color_responsive": "globals\/colors?id=00e1299",
                                                    "st_submenu_item_indicator_color_responsive": "globals\/colors?id=4ea2f0b",
                                                    "st_submenu_item_text_normal_color_responsive": "globals\/colors?id=00e1299",
                                                    "st_submenu_item_text_hover_color_responsive": "globals\/colors?id=1988e30",
                                                    "st_submenu_item_text_active_color_responsive": "globals\/colors?id=1988e30",
                                                    "st_submenu_item_typography_content_typography_typography": "globals\/typography?id=1260556",
                                                    "st_menu_item_typography_content_typography_typography": "globals\/typography?id=9e2bbf0",
                                                    "st_menu_item_text_normal_color_responsive_tablet": "globals\/colors?id=00e1299",
                                                    "st_menu_item_text_hover_color_responsive_tablet": "globals\/colors?id=1988e30",
                                                    "st_menu_item_text_active_color_responsive_tablet": "globals\/colors?id=1988e30",
                                                    "st_submenu_item_indicator_color_responsive_tablet": "globals\/colors?id=1988e30",
                                                    "st_submenu_item_text_normal_color_responsive_tablet": "globals\/colors?id=00e1299",
                                                    "st_submenu_item_text_hover_color_responsive_tablet": "globals\/colors?id=1988e30",
                                                    "st_submenu_item_text_active_color_responsive_tablet": "globals\/colors?id=1988e30",
                                                    "st_submenu_panel_background_background_color": "globals\/colors?id=4ea2f0b",
                                                    "st_menu_wrapper_mobile_color_tablet_responsive_tablet": "globals\/colors?id=4ea2f0b",
                                                    "st_hamburger_menu_icon_color_responsive_tablet": "globals\/colors?id=4ea2f0b",
                                                    "st_hamburger_menu_close_color_responsive_tablet": "globals\/colors?id=1988e30"
                                                },
                                                "sg_mobile_menu_submenu_click": "",
                                                "st_submenu_item_indicator_margin_responsive": {
                                                    "unit": "px",
                                                    "top": "0",
                                                    "right": "0",
                                                    "bottom": "0",
                                                    "left": "10",
                                                    "isLinked": false
                                                },
                                                "st_submenu_panel_padding_responsive": {
                                                    "unit": "px",
                                                    "top": "10",
                                                    "right": "10",
                                                    "bottom": "10",
                                                    "left": "10",
                                                    "isLinked": false
                                                },
                                                "st_submenu_panel_container_width_responsive": {
                                                    "unit": "px",
                                                    "size": 210,
                                                    "sizes": []
                                                },
                                                "sg_menu_alignment_responsive_tablet": "flex-end",
                                                "sg_mobile_menu_logo": {
                                                    "url": "https:\/\/templatekit.jegtheme.com\/socca\/wp-content\/uploads\/sites\/54\/2021\/03\/Socca-Logo.png",
                                                    "id": 240
                                                },
                                                "sg_mobile_menu_logo_size_imagesize_size": "full",
                                                "st_menu_item_spacing_responsive_tablet": {
                                                    "unit": "px",
                                                    "top": "0",
                                                    "right": "20",
                                                    "bottom": "10",
                                                    "left": "20",
                                                    "isLinked": false
                                                },
                                                "st_submenu_item_indicator_border_border_border": "solid",
                                                "st_submenu_item_indicator_border_border_width_tablet": {
                                                    "unit": "px",
                                                    "top": "0",
                                                    "right": "0",
                                                    "bottom": "0",
                                                    "left": "0",
                                                    "isLinked": true
                                                },
                                                "st_submenu_item_spacing_responsive_tablet": {
                                                    "unit": "px",
                                                    "top": "0",
                                                    "right": "0",
                                                    "bottom": "10",
                                                    "left": "10",
                                                    "isLinked": false
                                                },
                                                "st_submenu_panel_background_background_background": "classic",
                                                "st_hamburger_menu_position_responsive_tablet": "right",
                                                "st_hamburger_menu_icon_border_border_border": "solid",
                                                "st_hamburger_menu_icon_border_border_width_tablet": {
                                                    "unit": "px",
                                                    "top": "0",
                                                    "right": "0",
                                                    "bottom": "0",
                                                    "left": "0",
                                                    "isLinked": true
                                                },
                                                "st_hamburger_menu_icon_border_radius_responsive_tablet": {
                                                    "unit": "px",
                                                    "top": "0",
                                                    "right": "0",
                                                    "bottom": "0",
                                                    "left": "0",
                                                    "isLinked": true
                                                },
                                                "st_hamburger_menu_icon_margin_responsive_tablet": {
                                                    "unit": "px",
                                                    "top": "0",
                                                    "right": "0",
                                                    "bottom": "0",
                                                    "left": "0",
                                                    "isLinked": false
                                                },
                                                "st_hamburger_menu_icon_padding_responsive_tablet": {
                                                    "unit": "px",
                                                    "top": "0",
                                                    "right": "20",
                                                    "bottom": "0",
                                                    "left": "0",
                                                    "isLinked": false
                                                },
                                                "st_hamburger_menu_close_border_border_border": "solid",
                                                "st_hamburger_menu_close_border_border_width_tablet": {
                                                    "unit": "px",
                                                    "top": "0",
                                                    "right": "0",
                                                    "bottom": "0",
                                                    "left": "0",
                                                    "isLinked": true
                                                },
                                                "st_mobile_menu_width_responsive_tablet": {
                                                    "unit": "px",
                                                    "size": 75,
                                                    "sizes": []
                                                },
                                                "st_mobile_menu_height_responsive_tablet": {
                                                    "unit": "px",
                                                    "size": 75,
                                                    "sizes": []
                                                },
                                                "st_mobile_menu_object_fit_responsive_tablet": "contain",
                                                "st_mobile_menu_margin_responsive_tablet": {
                                                    "unit": "px",
                                                    "top": "0",
                                                    "right": "0",
                                                    "bottom": "0",
                                                    "left": "0",
                                                    "isLinked": false
                                                },
                                                "st_mobile_menu_padding_responsive_tablet": {
                                                    "unit": "px",
                                                    "top": "0",
                                                    "right": "0",
                                                    "bottom": "0",
                                                    "left": "20",
                                                    "isLinked": false
                                                }
                                            },
                                            "elements": [],
                                            "isInner": false,
                                            "widgetType": "jkit_nav_menu",
                                            "elType": "widget"
                                        }
                                    ],
                                    "isInner": true,
                                    "elType": "column"
                                }
                            ],
                            "isInner": true,
                            "elType": "section"
                        }
                    ],
                    "isInner": false,
                    "elType": "column"
                }
            ],
            "isInner": false,
            "elType": "section"
        }
    ],
    "page_settings": {
        "eael_ext_toc_title": "Table of Contents",
        "template": "elementor_canvas"
    }
}