{
    "version": "0.4",
    "title": "Metform Contact Us",
    "type": "page",
    "metadata": {
        "template_type": "single-page",
        "include_in_zip": "1",
        "elementor_pro_required": null,
        "wp_page_template": "elementor_canvas"
    },
    "content": [
        {
            "id": "55e70f9b",
            "settings": {
                "content_width": {
                    "unit": "px",
                    "size": "1150",
                    "sizes": []
                },
                "padding": {
                    "unit": "px",
                    "top": "0",
                    "right": "0",
                    "bottom": "0",
                    "left": "0",
                    "isLinked": ""
                },
                "margin": {
                    "unit": "px",
                    "top": "",
                    "right": "0",
                    "bottom": "",
                    "left": "0",
                    "isLinked": "1"
                }
            },
            "elements": [
                {
                    "id": "32def952",
                    "settings": {
                        "_column_size": "100",
                        "padding": {
                            "unit": "px",
                            "top": "0",
                            "right": "0",
                            "bottom": "0",
                            "left": "0",
                            "isLinked": ""
                        }
                    },
                    "elements": [
                        {
                            "id": "32ef0d3f",
                            "settings": {
                                "structure": "20",
                                "padding": {
                                    "unit": "px",
                                    "top": "0",
                                    "right": "0",
                                    "bottom": "30",
                                    "left": "0",
                                    "isLinked": ""
                                },
                                "margin": {
                                    "unit": "px",
                                    "top": "0",
                                    "right": "0",
                                    "bottom": "0",
                                    "left": "0",
                                    "isLinked": ""
                                }
                            },
                            "elements": [
                                {
                                    "id": "6b4a9fbe",
                                    "settings": {
                                        "_column_size": "50",
                                        "padding": {
                                            "unit": "px",
                                            "top": "0",
                                            "right": "0",
                                            "bottom": "0",
                                            "left": "0",
                                            "isLinked": ""
                                        },
                                        "margin": {
                                            "unit": "px",
                                            "top": "0",
                                            "right": "10",
                                            "bottom": "0",
                                            "left": "0",
                                            "isLinked": ""
                                        },
                                        "margin_mobile": {
                                            "unit": "px",
                                            "top": "0",
                                            "right": "0",
                                            "bottom": "20",
                                            "left": "0",
                                            "isLinked": ""
                                        }
                                    },
                                    "elements": [
                                        {
                                            "id": "5f925d99",
                                            "settings": {
                                                "mf_input_label_status": "",
                                                "mf_input_label": "First Name (Listing)",
                                                "mf_input_placeholder": "First Name",
                                                "mf_input_validation_warning_message": "This field is required.",
                                                "mf_input_padding": {
                                                    "unit": "px",
                                                    "top": "15",
                                                    "right": "0",
                                                    "bottom": "15",
                                                    "left": "20",
                                                    "isLinked": ""
                                                },
                                                "mf_input_background_background": "classic",
                                                "mf_input_background_color": "#FFFFFF",
                                                "mf_input_border_border": "solid",
                                                "mf_input_border_width": {
                                                    "unit": "px",
                                                    "top": "0",
                                                    "right": "0",
                                                    "bottom": "0",
                                                    "left": "0",
                                                    "isLinked": "1"
                                                },
                                                "mf_input_border_color": "#0000003B",
                                                "mf_input_placeholder_color": "#D3D3D3",
                                                "__globals__": {
                                                    "mf_input_color": "globals\/colors?id=00e1299",
                                                    "mf_input_color_hover": "globals\/colors?id=1988e30",
                                                    "mf_input_color_focus": "globals\/colors?id=1988e30",
                                                    "mf_input_placeholder_color": "",
                                                    "mf_input_border_color": "",
                                                    "mf_input_place_holder_typography_typography": "globals\/typography?id=2387553",
                                                    "mf_input_typgraphy_typography": "globals\/typography?id=2387553"
                                                },
                                                "mf_input_box_shadow_box_shadow": {
                                                    "horizontal": "0",
                                                    "vertical": "3",
                                                    "blur": "10",
                                                    "spread": "0",
                                                    "color": "rgba(0, 0, 0, 0.1)"
                                                }
                                            },
                                            "elements": [],
                                            "isInner": false,
                                            "widgetType": "mf-listing-fname",
                                            "elType": "widget"
                                        }
                                    ],
                                    "isInner": "1",
                                    "elType": "column"
                                },
                                {
                                    "id": "5dd87a",
                                    "settings": {
                                        "_column_size": "50",
                                        "padding": {
                                            "unit": "px",
                                            "top": "0",
                                            "right": "0",
                                            "bottom": "0",
                                            "left": "0",
                                            "isLinked": ""
                                        },
                                        "margin": {
                                            "unit": "px",
                                            "top": "0",
                                            "right": "0",
                                            "bottom": "0",
                                            "left": "10",
                                            "isLinked": ""
                                        },
                                        "margin_mobile": {
                                            "unit": "px",
                                            "top": "0",
                                            "right": "0",
                                            "bottom": "0",
                                            "left": "0",
                                            "isLinked": ""
                                        }
                                    },
                                    "elements": [
                                        {
                                            "id": "30821e0a",
                                            "settings": {
                                                "mf_input_label_status": "",
                                                "mf_input_label": "Last Name (Listing)",
                                                "mf_input_placeholder": "Last Name",
                                                "mf_input_validation_warning_message": "This field is required.",
                                                "mf_input_padding": {
                                                    "unit": "px",
                                                    "top": "15",
                                                    "right": "0",
                                                    "bottom": "15",
                                                    "left": "20",
                                                    "isLinked": ""
                                                },
                                                "mf_input_background_background": "classic",
                                                "mf_input_background_color": "#FFFFFF",
                                                "mf_input_border_border": "solid",
                                                "mf_input_border_width": {
                                                    "unit": "px",
                                                    "top": "0",
                                                    "right": "0",
                                                    "bottom": "0",
                                                    "left": "0",
                                                    "isLinked": "1"
                                                },
                                                "mf_input_border_color": "#0000003B",
                                                "mf_input_placeholder_color": "#D3D3D3",
                                                "__globals__": {
                                                    "mf_input_color": "globals\/colors?id=00e1299",
                                                    "mf_input_color_hover": "globals\/colors?id=1988e30",
                                                    "mf_input_color_focus": "globals\/colors?id=1988e30",
                                                    "mf_input_placeholder_color": "",
                                                    "mf_input_border_color": "",
                                                    "mf_input_place_holder_typography_typography": "globals\/typography?id=2387553",
                                                    "mf_input_typgraphy_typography": "globals\/typography?id=2387553"
                                                },
                                                "mf_input_box_shadow_box_shadow": {
                                                    "horizontal": "0",
                                                    "vertical": "3",
                                                    "blur": "10",
                                                    "spread": "0",
                                                    "color": "rgba(0, 0, 0, 0.1)"
                                                }
                                            },
                                            "elements": [],
                                            "isInner": false,
                                            "widgetType": "mf-listing-lname",
                                            "elType": "widget"
                                        }
                                    ],
                                    "isInner": "1",
                                    "elType": "column"
                                }
                            ],
                            "isInner": "1",
                            "elType": "section"
                        },
                        {
                            "id": "10811e87",
                            "settings": {
                                "mf_input_label_status": "",
                                "mf_input_label": "Email",
                                "mf_input_name": "mf-email",
                                "mf_input_placeholder": "Your Email",
                                "mf_input_validation_warning_message": "This field is required.",
                                "mf_input_padding": {
                                    "unit": "px",
                                    "top": "15",
                                    "right": "0",
                                    "bottom": "15",
                                    "left": "20",
                                    "isLinked": ""
                                },
                                "mf_input_background_background": "classic",
                                "mf_input_background_color": "#FFFFFF",
                                "mf_input_border_border": "solid",
                                "mf_input_border_width": {
                                    "unit": "px",
                                    "top": "0",
                                    "right": "0",
                                    "bottom": "0",
                                    "left": "0",
                                    "isLinked": "1"
                                },
                                "mf_input_border_color": "#0000003B",
                                "mf_input_placeholder_color": "#D3D3D3",
                                "__globals__": {
                                    "mf_input_color": "globals\/colors?id=00e1299",
                                    "mf_input_color_hover": "globals\/colors?id=1988e30",
                                    "mf_input_color_focus": "globals\/colors?id=1988e30",
                                    "mf_input_placeholder_color": "",
                                    "mf_input_border_color": "",
                                    "mf_input_place_holder_typography_typography": "globals\/typography?id=2387553",
                                    "mf_input_typgraphy_typography": "globals\/typography?id=2387553"
                                },
                                "mf_input_box_shadow_box_shadow": {
                                    "horizontal": "0",
                                    "vertical": "3",
                                    "blur": "10",
                                    "spread": "0",
                                    "color": "rgba(0, 0, 0, 0.1)"
                                },
                                "_margin": {
                                    "unit": "px",
                                    "top": "0",
                                    "right": "0",
                                    "bottom": "10",
                                    "left": "0",
                                    "isLinked": false
                                }
                            },
                            "elements": [],
                            "isInner": false,
                            "widgetType": "mf-email",
                            "elType": "widget"
                        },
                        {
                            "id": "7601c030",
                            "settings": {
                                "mf_input_label_status": "",
                                "mf_input_label": "Telephone",
                                "mf_input_name": "mf-telephone",
                                "mf_input_placeholder": "Your Phone",
                                "mf_input_validation_warning_message": "This field is required.",
                                "mf_input_padding": {
                                    "unit": "px",
                                    "top": "15",
                                    "right": "0",
                                    "bottom": "15",
                                    "left": "20",
                                    "isLinked": ""
                                },
                                "mf_input_background_background": "classic",
                                "mf_input_background_color": "#FFFFFF",
                                "mf_input_border_border": "solid",
                                "mf_input_border_width": {
                                    "unit": "px",
                                    "top": "0",
                                    "right": "0",
                                    "bottom": "0",
                                    "left": "0",
                                    "isLinked": "1"
                                },
                                "mf_input_border_color": "#0000003B",
                                "mf_input_placeholder_color": "#D3D3D3",
                                "__globals__": {
                                    "mf_input_color": "globals\/colors?id=00e1299",
                                    "mf_input_color_hover": "globals\/colors?id=1988e30",
                                    "mf_input_color_focus": "globals\/colors?id=1988e30",
                                    "mf_input_placeholder_color": "",
                                    "mf_input_border_color": "",
                                    "mf_input_place_holder_typography_typography": "globals\/typography?id=2387553",
                                    "mf_input_typgraphy_typography": "globals\/typography?id=2387553"
                                },
                                "mf_input_box_shadow_box_shadow": {
                                    "horizontal": "0",
                                    "vertical": "3",
                                    "blur": "10",
                                    "spread": "0",
                                    "color": "rgba(0, 0, 0, 0.1)"
                                },
                                "_margin": {
                                    "unit": "px",
                                    "top": "0",
                                    "right": "0",
                                    "bottom": "10",
                                    "left": "0",
                                    "isLinked": false
                                }
                            },
                            "elements": [],
                            "isInner": false,
                            "widgetType": "mf-telephone",
                            "elType": "widget"
                        },
                        {
                            "id": "a44b37b",
                            "settings": {
                                "mf_input_label_status": "",
                                "mf_input_label": "Textarea",
                                "mf_input_name": "mf-textarea",
                                "mf_input_placeholder": "Your message",
                                "mf_input_validation_warning_message": "This field is required.",
                                "mf_input_padding": {
                                    "unit": "px",
                                    "top": "15",
                                    "right": "0",
                                    "bottom": "15",
                                    "left": "20",
                                    "isLinked": ""
                                },
                                "mf_input_background_background": "classic",
                                "mf_input_background_color": "#FFFFFF",
                                "mf_input_border_border": "solid",
                                "mf_input_border_width": {
                                    "unit": "px",
                                    "top": "0",
                                    "right": "0",
                                    "bottom": "0",
                                    "left": "0",
                                    "isLinked": "1"
                                },
                                "mf_input_border_color": "#0000003B",
                                "mf_input_placeholder_color": "#D3D3D3",
                                "__globals__": {
                                    "mf_input_color": "globals\/colors?id=00e1299",
                                    "mf_input_color_hover": "globals\/colors?id=1988e30",
                                    "mf_input_color_focus": "globals\/colors?id=1988e30",
                                    "mf_input_placeholder_color": "",
                                    "mf_input_border_color": "",
                                    "mf_input_place_holder_typography_typography": "globals\/typography?id=2387553",
                                    "mf_input_typgraphy_typography": "globals\/typography?id=2387553"
                                },
                                "mf_input_box_shadow_box_shadow": {
                                    "horizontal": "0",
                                    "vertical": "3",
                                    "blur": "10",
                                    "spread": "0",
                                    "color": "rgba(0, 0, 0, 0.1)"
                                }
                            },
                            "elements": [],
                            "isInner": false,
                            "widgetType": "mf-textarea",
                            "elType": "widget"
                        },
                        {
                            "id": "32f3084",
                            "settings": {
                                "mf_btn_text": "send message",
                                "mf_btn_align": "justify",
                                "mf_hidden_input": [],
                                "mf_btn_text_padding": {
                                    "unit": "px",
                                    "top": "20",
                                    "right": "40",
                                    "bottom": "20",
                                    "left": "40",
                                    "isLinked": ""
                                },
                                "mf_btn_bg_color_background": "classic",
                                "mf_btn_box_shadow_group_box_shadow_type": "yes",
                                "mf_btn_box_shadow_group_box_shadow": {
                                    "horizontal": "0",
                                    "vertical": "0",
                                    "blur": "0",
                                    "spread": "0",
                                    "color": "rgba(0,0,0,0.5)"
                                },
                                "__globals__": {
                                    "mf_btn_bg_color_color": "globals\/colors?id=1988e30",
                                    "mf_btn_bg_hover_color_color": "globals\/colors?id=d34468b",
                                    "mf_btn_typography_typography": "globals\/typography?id=3a56188",
                                    "mf_btn_text_color": "globals\/colors?id=4ea2f0b"
                                },
                                "mf_btn_hover_color": "",
                                "mf_btn_bg_hover_color_background": "classic",
                                "mf_btn_align_tablet": "justify",
                                "mf_btn_align_mobile": "justify",
                                "_margin": {
                                    "unit": "px",
                                    "top": "30",
                                    "right": "0",
                                    "bottom": "0",
                                    "left": "0",
                                    "isLinked": false
                                }
                            },
                            "elements": [],
                            "isInner": false,
                            "widgetType": "mf-button",
                            "elType": "widget"
                        }
                    ],
                    "isInner": "",
                    "elType": "column"
                }
            ],
            "isInner": "",
            "elType": "section"
        }
    ],
    "page_settings": {
        "eael_ext_toc_title": "Table of Contents",
        "template": "elementor_canvas"
    }
}