{
    "version": "0.4",
    "title": "News",
    "type": "page",
    "metadata": {
        "template_type": "single-page",
        "include_in_zip": "1",
        "elementor_pro_required": null,
        "wp_page_template": "elementor_canvas"
    },
    "content": [
        {
            "id": "5e0e5d49",
            "settings": {
                "background_background": "classic",
                "background_image": {
                    "url": "https:\/\/templatekit.jegtheme.com\/socca\/wp-content\/uploads\/sites\/54\/2021\/03\/sketch-of-trainer.jpg",
                    "id": 563
                },
                "background_repeat": "no-repeat",
                "background_size": "cover",
                "background_overlay_background": "classic",
                "background_overlay_opacity": {
                    "unit": "px",
                    "size": 0.8,
                    "sizes": []
                },
                "padding": {
                    "unit": "px",
                    "top": "180",
                    "right": "0",
                    "bottom": "180",
                    "left": "0",
                    "isLinked": false
                },
                "background_position": "center center",
                "background_ypos": {
                    "unit": "%",
                    "size": 34,
                    "sizes": []
                },
                "background_position_mobile": "center center",
                "padding_tablet": {
                    "unit": "px",
                    "top": "140",
                    "right": "0",
                    "bottom": "140",
                    "left": "0",
                    "isLinked": false
                },
                "padding_mobile": {
                    "unit": "px",
                    "top": "100",
                    "right": "0",
                    "bottom": "100",
                    "left": "0",
                    "isLinked": false
                },
                "gap": "no",
                "__globals__": {
                    "background_overlay_color": "globals\/colors?id=00e1299",
                    "shape_divider_bottom_color": "globals\/colors?id=7049ee0"
                },
                "shape_divider_bottom": "triangle",
                "shape_divider_bottom_height": {
                    "unit": "px",
                    "size": 70,
                    "sizes": []
                },
                "shape_divider_bottom_negative": "yes"
            },
            "elements": [
                {
                    "id": "ff613ed",
                    "settings": {
                        "_column_size": 100,
                        "_inline_size": null,
                        "margin_tablet": {
                            "unit": "px",
                            "top": "0",
                            "right": "0",
                            "bottom": "0",
                            "left": "0",
                            "isLinked": false
                        },
                        "padding_tablet": {
                            "unit": "px",
                            "top": "0",
                            "right": "10",
                            "bottom": "0",
                            "left": "10",
                            "isLinked": false
                        }
                    },
                    "elements": [
                        {
                            "id": "13ddd475",
                            "settings": {
                                "title": "News",
                                "__globals__": {
                                    "typography_typography": "globals\/typography?id=d7ffd59",
                                    "title_color": "globals\/colors?id=4ea2f0b"
                                },
                                "align": "center"
                            },
                            "elements": [],
                            "isInner": false,
                            "widgetType": "heading",
                            "elType": "widget"
                        }
                    ],
                    "isInner": false,
                    "elType": "column"
                }
            ],
            "isInner": false,
            "elType": "section"
        },
        {
            "id": "2b27206c",
            "settings": {
                "background_background": "classic",
                "background_color": "#F9F9F9",
                "padding": {
                    "unit": "px",
                    "top": "120",
                    "right": "0",
                    "bottom": "140",
                    "left": "0",
                    "isLinked": false
                },
                "content_position": "middle",
                "background_overlay_background": "classic",
                "background_overlay_position": "center center",
                "background_overlay_size": "contain",
                "background_overlay_opacity": {
                    "unit": "px",
                    "size": 0.2,
                    "sizes": []
                },
                "margin": {
                    "unit": "px",
                    "top": "",
                    "right": 0,
                    "bottom": "",
                    "left": 0,
                    "isLinked": true
                },
                "background_overlay_attachment": "fixed",
                "padding_tablet": {
                    "unit": "px",
                    "top": "60",
                    "right": "10",
                    "bottom": "120",
                    "left": "10",
                    "isLinked": false
                },
                "padding_mobile": {
                    "unit": "px",
                    "top": "40",
                    "right": "10",
                    "bottom": "80",
                    "left": "10",
                    "isLinked": false
                },
                "gap": "no",
                "structure": "20"
            },
            "elements": [
                {
                    "id": "6e10e884",
                    "settings": {
                        "_column_size": 50,
                        "_inline_size": 71.339,
                        "margin": {
                            "unit": "px",
                            "top": "0",
                            "right": "20",
                            "bottom": "0",
                            "left": "0",
                            "isLinked": false
                        },
                        "_inline_size_tablet": 100,
                        "margin_tablet": {
                            "unit": "px",
                            "top": "0",
                            "right": "0",
                            "bottom": "0",
                            "left": "0",
                            "isLinked": false
                        }
                    },
                    "elements": [
                        {
                            "id": "5e6cd671",
                            "settings": {
                                "title": "Football News",
                                "align": "left",
                                "__globals__": {
                                    "title_color": "globals\/colors?id=00e1299",
                                    "typography_typography": "globals\/typography?id=d7ffd59"
                                },
                                "title_color": "#100707",
                                "_margin": {
                                    "unit": "px",
                                    "top": "0",
                                    "right": "0",
                                    "bottom": "20",
                                    "left": "0",
                                    "isLinked": false
                                }
                            },
                            "elements": [],
                            "isInner": false,
                            "widgetType": "heading",
                            "elType": "widget"
                        },
                        {
                            "id": "1c8bcad6",
                            "settings": {
                                "sg_content_postblock_type": "type-2",
                                "sg_content_image_size_imagesize_size": "full",
                                "sg_content_column_responsive": {
                                    "unit": "px",
                                    "size": 2,
                                    "sizes": []
                                },
                                "sg_content_excerpt_more": "...",
                                "sg_content_readmore_text": "Read More",
                                "sg_content_comment_enable": "",
                                "sg_content_meta_enable": "",
                                "sg_content_meta_author_enable": "",
                                "sg_content_meta_author_by_text": "by",
                                "sg_content_meta_date_enable": "",
                                "sg_content_meta_date_format_custom": "F j, Y",
                                "pagination_loadmore_text": "Load More",
                                "pagination_loading_text": "Loading...",
                                "__globals__": {
                                    "st_title_normal_typography_content_typography_typography": "globals\/typography?id=1efc178",
                                    "st_title_normal_color_responsive": "",
                                    "st_category_typography_content_typography_typography": "globals\/typography?id=7642aaf",
                                    "st_category_color_responsive": "globals\/colors?id=00e1299",
                                    "st_excerpt_typography_content_typography_typography": "globals\/typography?id=text",
                                    "st_excerpt_color_responsive": "globals\/colors?id=00e1299",
                                    "st_readmore_typography_content_typography_typography": "globals\/typography?id=3a56188",
                                    "st_readmore_normal_color_responsive": "globals\/colors?id=1988e30",
                                    "st_readmore_hover_color_responsive": ""
                                },
                                "st_wrapper_padding_responsive": {
                                    "unit": "px",
                                    "top": "0",
                                    "right": "0",
                                    "bottom": "0",
                                    "left": "0",
                                    "isLinked": false
                                },
                                "st_wrapper_margin_responsive": {
                                    "unit": "px",
                                    "top": "0",
                                    "right": "0",
                                    "bottom": "0",
                                    "left": "0",
                                    "isLinked": false
                                },
                                "st_wrapper_border_radius_responsive": {
                                    "unit": "px",
                                    "top": "0",
                                    "right": "0",
                                    "bottom": "0",
                                    "left": "0",
                                    "isLinked": false
                                },
                                "st_post_item_gap_responsive": {
                                    "unit": "px",
                                    "size": 30,
                                    "sizes": []
                                },
                                "st_post_item_padding_responsive": {
                                    "unit": "px",
                                    "top": "0",
                                    "right": "0",
                                    "bottom": "0",
                                    "left": "0",
                                    "isLinked": false
                                },
                                "st_post_item_margin_responsive": {
                                    "unit": "px",
                                    "top": "0",
                                    "right": "0",
                                    "bottom": "30",
                                    "left": "0",
                                    "isLinked": false
                                },
                                "st_post_item_border_radius_responsive": {
                                    "unit": "px",
                                    "top": "0",
                                    "right": "0",
                                    "bottom": "0",
                                    "left": "0",
                                    "isLinked": false
                                },
                                "st_thumbnail_container_height_responsive": {
                                    "unit": "px",
                                    "size": 250,
                                    "sizes": []
                                },
                                "st_category_padding_responsive": {
                                    "unit": "px",
                                    "top": "0",
                                    "right": "0",
                                    "bottom": "0",
                                    "left": "0",
                                    "isLinked": false
                                },
                                "st_category_margin_responsive": {
                                    "unit": "px",
                                    "top": "15",
                                    "right": "0",
                                    "bottom": "5",
                                    "left": "0",
                                    "isLinked": false
                                },
                                "st_category_border_radius_responsive": {
                                    "unit": "px",
                                    "top": "0",
                                    "right": "0",
                                    "bottom": "0",
                                    "left": "0",
                                    "isLinked": false
                                },
                                "st_title_margin_responsive": {
                                    "unit": "px",
                                    "top": "3",
                                    "right": "0",
                                    "bottom": "0",
                                    "left": "0",
                                    "isLinked": false
                                },
                                "st_readmore_padding_responsive": {
                                    "unit": "px",
                                    "top": "0",
                                    "right": "0",
                                    "bottom": "0",
                                    "left": "0",
                                    "isLinked": false
                                },
                                "st_readmore_margin_responsive": {
                                    "unit": "px",
                                    "top": "0",
                                    "right": "0",
                                    "bottom": "0",
                                    "left": "0",
                                    "isLinked": false
                                },
                                "st_readmore_icon_spacing_responsive": {
                                    "unit": "px",
                                    "size": 10,
                                    "sizes": []
                                },
                                "st_readmore_normal_background_background_background": "classic",
                                "st_readmore_normal_background_background_color": "#02010100",
                                "st_meta_bottom_alignment_responsive": "flex-start",
                                "st_post_item_padding_responsive_tablet": {
                                    "unit": "px",
                                    "top": "0",
                                    "right": "0",
                                    "bottom": "30",
                                    "left": "0",
                                    "isLinked": false
                                },
                                "st_post_item_padding_responsive_mobile": {
                                    "unit": "px",
                                    "top": "0",
                                    "right": "0",
                                    "bottom": "30",
                                    "left": "0",
                                    "isLinked": false
                                },
                                "sg_content_excerpt_length": {
                                    "unit": "px",
                                    "size": 15,
                                    "sizes": []
                                },
                                "st_content_padding_responsive": {
                                    "unit": "px",
                                    "top": "0",
                                    "right": "0",
                                    "bottom": "0",
                                    "left": "0",
                                    "isLinked": false
                                },
                                "st_content_margin_responsive": {
                                    "unit": "px",
                                    "top": "0",
                                    "right": "0",
                                    "bottom": "0",
                                    "left": "0",
                                    "isLinked": false
                                },
                                "_margin": {
                                    "unit": "px",
                                    "top": "0",
                                    "right": "0",
                                    "bottom": "0",
                                    "left": "0",
                                    "isLinked": false
                                },
                                "_padding": {
                                    "unit": "px",
                                    "top": "0",
                                    "right": "0",
                                    "bottom": "0",
                                    "left": "0",
                                    "isLinked": false
                                },
                                "number_post": {
                                    "unit": "px",
                                    "size": 4,
                                    "sizes": []
                                }
                            },
                            "elements": [],
                            "isInner": false,
                            "widgetType": "jkit_post_block",
                            "elType": "widget"
                        }
                    ],
                    "isInner": false,
                    "elType": "column"
                },
                {
                    "id": "556e251",
                    "settings": {
                        "_column_size": 50,
                        "_inline_size": 27.954,
                        "content_position": "top",
                        "margin": {
                            "unit": "px",
                            "top": "90",
                            "right": "0",
                            "bottom": "0",
                            "left": "20",
                            "isLinked": false
                        },
                        "padding": {
                            "unit": "px",
                            "top": "0",
                            "right": "0",
                            "bottom": "0",
                            "left": "0",
                            "isLinked": false
                        },
                        "_inline_size_tablet": 100,
                        "margin_tablet": {
                            "unit": "px",
                            "top": "30",
                            "right": "0",
                            "bottom": "0",
                            "left": "0",
                            "isLinked": false
                        },
                        "padding_tablet": {
                            "unit": "px",
                            "top": "0",
                            "right": "0",
                            "bottom": "0",
                            "left": "0",
                            "isLinked": false
                        }
                    },
                    "elements": [
                        {
                            "id": "5fb58f19",
                            "settings": {
                                "title": "Hot News",
                                "_margin": {
                                    "unit": "px",
                                    "top": "0",
                                    "right": "0",
                                    "bottom": "-11",
                                    "left": "0",
                                    "isLinked": false
                                },
                                "__globals__": {
                                    "title_color": "globals\/colors?id=00e1299",
                                    "typography_typography": "globals\/typography?id=f05cfaa"
                                }
                            },
                            "elements": [],
                            "isInner": false,
                            "widgetType": "heading",
                            "elType": "widget"
                        },
                        {
                            "id": "51531f46",
                            "settings": {
                                "text": "Divider",
                                "gap": {
                                    "unit": "px",
                                    "size": "",
                                    "sizes": []
                                },
                                "__globals__": {
                                    "color": "globals\/colors?id=fc93ee2"
                                }
                            },
                            "elements": [],
                            "isInner": false,
                            "widgetType": "divider",
                            "elType": "widget"
                        },
                        {
                            "id": "1fda00a0",
                            "settings": {
                                "sg_content_image_size_imagesize_size": "full",
                                "sg_content_excerpt_more": "...",
                                "sg_content_readmore_text": "Read More",
                                "sg_content_comment_enable": "",
                                "sg_content_meta_author_enable": "",
                                "sg_content_meta_author_by_text": "by",
                                "sg_content_meta_date_format_custom": "F j, Y",
                                "pagination_loadmore_text": "Load More",
                                "pagination_loading_text": "Loading...",
                                "__globals__": {
                                    "st_title_normal_typography_content_typography_typography": "globals\/typography?id=c51b32c",
                                    "st_title_normal_color_responsive": "",
                                    "st_category_typography_content_typography_typography": "globals\/typography?id=7642aaf",
                                    "st_category_color_responsive": "globals\/colors?id=00e1299",
                                    "st_excerpt_typography_content_typography_typography": "globals\/typography?id=2387553",
                                    "st_excerpt_color_responsive": "globals\/colors?id=00e1299",
                                    "st_readmore_typography_content_typography_typography": "globals\/typography?id=3a56188",
                                    "st_readmore_normal_color_responsive": "globals\/colors?id=1988e30",
                                    "st_readmore_hover_color_responsive": "",
                                    "st_meta_typography_content_typography_typography": "globals\/typography?id=text",
                                    "st_meta_color_responsive": "globals\/colors?id=1988e30"
                                },
                                "st_wrapper_padding_responsive": {
                                    "unit": "px",
                                    "top": "0",
                                    "right": "0",
                                    "bottom": "0",
                                    "left": "0",
                                    "isLinked": false
                                },
                                "st_wrapper_margin_responsive": {
                                    "unit": "px",
                                    "top": "0",
                                    "right": "0",
                                    "bottom": "0",
                                    "left": "0",
                                    "isLinked": false
                                },
                                "st_wrapper_border_radius_responsive": {
                                    "unit": "px",
                                    "top": "0",
                                    "right": "0",
                                    "bottom": "0",
                                    "left": "0",
                                    "isLinked": false
                                },
                                "st_post_item_gap_responsive": {
                                    "unit": "px",
                                    "size": "",
                                    "sizes": []
                                },
                                "st_post_item_padding_responsive": {
                                    "unit": "px",
                                    "top": "0",
                                    "right": "0",
                                    "bottom": "0",
                                    "left": "0",
                                    "isLinked": false
                                },
                                "st_post_item_margin_responsive": {
                                    "unit": "px",
                                    "top": "0",
                                    "right": "0",
                                    "bottom": "0",
                                    "left": "0",
                                    "isLinked": false
                                },
                                "st_post_item_border_radius_responsive": {
                                    "unit": "px",
                                    "top": "0",
                                    "right": "0",
                                    "bottom": "0",
                                    "left": "0",
                                    "isLinked": false
                                },
                                "st_thumbnail_container_height_responsive": {
                                    "unit": "px",
                                    "size": 0,
                                    "sizes": []
                                },
                                "st_category_padding_responsive": {
                                    "unit": "px",
                                    "top": "0",
                                    "right": "0",
                                    "bottom": "0",
                                    "left": "0",
                                    "isLinked": false
                                },
                                "st_category_margin_responsive": {
                                    "unit": "px",
                                    "top": "15",
                                    "right": "0",
                                    "bottom": "5",
                                    "left": "0",
                                    "isLinked": false
                                },
                                "st_category_border_radius_responsive": {
                                    "unit": "px",
                                    "top": "0",
                                    "right": "0",
                                    "bottom": "0",
                                    "left": "0",
                                    "isLinked": false
                                },
                                "st_title_margin_responsive": {
                                    "unit": "px",
                                    "top": "3",
                                    "right": "0",
                                    "bottom": "0",
                                    "left": "0",
                                    "isLinked": false
                                },
                                "st_readmore_padding_responsive": {
                                    "unit": "px",
                                    "top": "0",
                                    "right": "0",
                                    "bottom": "0",
                                    "left": "0",
                                    "isLinked": false
                                },
                                "st_readmore_margin_responsive": {
                                    "unit": "px",
                                    "top": "0",
                                    "right": "0",
                                    "bottom": "0",
                                    "left": "0",
                                    "isLinked": false
                                },
                                "st_readmore_icon_spacing_responsive": {
                                    "unit": "px",
                                    "size": 10,
                                    "sizes": []
                                },
                                "st_readmore_normal_background_background_background": "classic",
                                "st_readmore_normal_background_background_color": "#02010100",
                                "st_meta_bottom_alignment_responsive": "flex-start",
                                "st_post_item_padding_responsive_tablet": {
                                    "unit": "px",
                                    "top": "0",
                                    "right": "0",
                                    "bottom": "30",
                                    "left": "0",
                                    "isLinked": false
                                },
                                "st_post_item_padding_responsive_mobile": {
                                    "unit": "px",
                                    "top": "0",
                                    "right": "0",
                                    "bottom": "30",
                                    "left": "0",
                                    "isLinked": false
                                },
                                "sg_content_excerpt_length": {
                                    "unit": "px",
                                    "size": 15,
                                    "sizes": []
                                },
                                "st_content_padding_responsive": {
                                    "unit": "px",
                                    "top": "0",
                                    "right": "0",
                                    "bottom": "0",
                                    "left": "0",
                                    "isLinked": false
                                },
                                "st_content_margin_responsive": {
                                    "unit": "px",
                                    "top": "0",
                                    "right": "0",
                                    "bottom": "0",
                                    "left": "0",
                                    "isLinked": false
                                },
                                "_margin": {
                                    "unit": "px",
                                    "top": "0",
                                    "right": "0",
                                    "bottom": "0",
                                    "left": "0",
                                    "isLinked": false
                                },
                                "_padding": {
                                    "unit": "px",
                                    "top": "0",
                                    "right": "0",
                                    "bottom": "0",
                                    "left": "0",
                                    "isLinked": false
                                },
                                "sg_content_category_enable": "",
                                "sg_content_excerpt_enable": "",
                                "sg_content_readmore_enable": "",
                                "st_thumbnail_padding_responsive": {
                                    "unit": "px",
                                    "top": "0",
                                    "right": "0",
                                    "bottom": "0",
                                    "left": "0",
                                    "isLinked": false
                                },
                                "st_thumbnail_margin_responsive": {
                                    "unit": "px",
                                    "top": "0",
                                    "right": "0",
                                    "bottom": "0",
                                    "left": "0",
                                    "isLinked": false
                                },
                                "st_thumbnail_border_radius_responsive": {
                                    "unit": "px",
                                    "top": "0",
                                    "right": "0",
                                    "bottom": "0",
                                    "left": "0",
                                    "isLinked": false
                                },
                                "st_thumbnail_width_responsive": {
                                    "unit": "px",
                                    "size": 0,
                                    "sizes": []
                                },
                                "st_meta_margin_responsive": {
                                    "unit": "px",
                                    "top": "0",
                                    "right": "0",
                                    "bottom": "0",
                                    "left": "0",
                                    "isLinked": false
                                },
                                "st_pagination_margin_responsive": {
                                    "unit": "px",
                                    "top": "0",
                                    "right": "0",
                                    "bottom": "0",
                                    "left": "0",
                                    "isLinked": false
                                },
                                "st_pagination_padding_responsive": {
                                    "unit": "px",
                                    "top": "0",
                                    "right": "0",
                                    "bottom": "0",
                                    "left": "0",
                                    "isLinked": false
                                },
                                "st_pagination_icon_spacing_responsive": {
                                    "unit": "px",
                                    "size": 0,
                                    "sizes": []
                                }
                            },
                            "elements": [],
                            "isInner": false,
                            "widgetType": "jkit_post_block",
                            "elType": "widget"
                        },
                        {
                            "id": "19047921",
                            "settings": {
                                "gap": "no",
                                "padding": {
                                    "unit": "px",
                                    "top": "0",
                                    "right": "0",
                                    "bottom": "0",
                                    "left": "0",
                                    "isLinked": false
                                },
                                "margin": {
                                    "unit": "px",
                                    "top": "30",
                                    "right": 0,
                                    "bottom": "0",
                                    "left": 0,
                                    "isLinked": false
                                },
                                "background_motion_fx_motion_fx_scrolling": "",
                                "background_motion_fx_translateY_effect": "",
                                "background_motion_fx_translateY_direction": "",
                                "background_motion_fx_translateY_speed": {
                                    "unit": "px",
                                    "size": 4,
                                    "sizes": []
                                },
                                "background_motion_fx_translateY_affectedRange": {
                                    "unit": "%",
                                    "size": "",
                                    "sizes": {
                                        "start": 0,
                                        "end": 100
                                    }
                                },
                                "background_motion_fx_translateX_effect": "",
                                "background_motion_fx_translateX_direction": "",
                                "background_motion_fx_translateX_speed": {
                                    "unit": "px",
                                    "size": 4,
                                    "sizes": []
                                },
                                "background_motion_fx_translateX_affectedRange": {
                                    "unit": "%",
                                    "size": "",
                                    "sizes": {
                                        "start": 0,
                                        "end": 100
                                    }
                                },
                                "background_motion_fx_opacity_effect": "",
                                "background_motion_fx_opacity_direction": "out-in",
                                "background_motion_fx_opacity_level": {
                                    "unit": "px",
                                    "size": 10,
                                    "sizes": []
                                },
                                "background_motion_fx_opacity_range": {
                                    "unit": "%",
                                    "size": "",
                                    "sizes": {
                                        "start": 20,
                                        "end": 80
                                    }
                                },
                                "background_motion_fx_blur_effect": "",
                                "background_motion_fx_blur_direction": "out-in",
                                "background_motion_fx_blur_level": {
                                    "unit": "px",
                                    "size": 7,
                                    "sizes": []
                                },
                                "background_motion_fx_blur_range": {
                                    "unit": "%",
                                    "size": "",
                                    "sizes": {
                                        "start": 20,
                                        "end": 80
                                    }
                                },
                                "background_motion_fx_rotateZ_direction": "",
                                "background_motion_fx_rotateZ_speed": {
                                    "unit": "px",
                                    "size": 1,
                                    "sizes": []
                                },
                                "background_motion_fx_rotateZ_affectedRange": {
                                    "unit": "%",
                                    "size": "",
                                    "sizes": {
                                        "start": 0,
                                        "end": 100
                                    }
                                },
                                "background_motion_fx_scale_effect": "",
                                "background_motion_fx_scale_direction": "out-in",
                                "background_motion_fx_scale_speed": {
                                    "unit": "px",
                                    "size": 4,
                                    "sizes": []
                                },
                                "background_motion_fx_scale_range": {
                                    "unit": "%",
                                    "size": "",
                                    "sizes": {
                                        "start": 20,
                                        "end": 80
                                    }
                                },
                                "background_motion_fx_devices": [
                                    "desktop",
                                    "tablet",
                                    "mobile"
                                ],
                                "background_motion_fx_range": "",
                                "background_motion_fx_motion_fx_mouse": "",
                                "background_motion_fx_mouseTrack_effect": "",
                                "background_motion_fx_mouseTrack_direction": "",
                                "background_motion_fx_mouseTrack_speed": {
                                    "unit": "px",
                                    "size": 1,
                                    "sizes": []
                                },
                                "background_motion_fx_tilt_direction": "",
                                "background_motion_fx_tilt_speed": {
                                    "unit": "px",
                                    "size": 4,
                                    "sizes": []
                                },
                                "motion_fx_motion_fx_scrolling": "",
                                "motion_fx_translateY_effect": "",
                                "motion_fx_translateY_direction": "",
                                "motion_fx_translateY_speed": {
                                    "unit": "px",
                                    "size": 4,
                                    "sizes": []
                                },
                                "motion_fx_translateY_affectedRange": {
                                    "unit": "%",
                                    "size": "",
                                    "sizes": {
                                        "start": 0,
                                        "end": 100
                                    }
                                },
                                "motion_fx_translateX_effect": "",
                                "motion_fx_translateX_direction": "",
                                "motion_fx_translateX_speed": {
                                    "unit": "px",
                                    "size": 4,
                                    "sizes": []
                                },
                                "motion_fx_translateX_affectedRange": {
                                    "unit": "%",
                                    "size": "",
                                    "sizes": {
                                        "start": 0,
                                        "end": 100
                                    }
                                },
                                "motion_fx_opacity_effect": "",
                                "motion_fx_opacity_direction": "out-in",
                                "motion_fx_opacity_level": {
                                    "unit": "px",
                                    "size": 10,
                                    "sizes": []
                                },
                                "motion_fx_opacity_range": {
                                    "unit": "%",
                                    "size": "",
                                    "sizes": {
                                        "start": 20,
                                        "end": 80
                                    }
                                },
                                "motion_fx_blur_effect": "",
                                "motion_fx_blur_direction": "out-in",
                                "motion_fx_blur_level": {
                                    "unit": "px",
                                    "size": 7,
                                    "sizes": []
                                },
                                "motion_fx_blur_range": {
                                    "unit": "%",
                                    "size": "",
                                    "sizes": {
                                        "start": 20,
                                        "end": 80
                                    }
                                },
                                "motion_fx_rotateZ_effect": "",
                                "motion_fx_rotateZ_direction": "",
                                "motion_fx_rotateZ_speed": {
                                    "unit": "px",
                                    "size": 1,
                                    "sizes": []
                                },
                                "motion_fx_rotateZ_affectedRange": {
                                    "unit": "%",
                                    "size": "",
                                    "sizes": {
                                        "start": 0,
                                        "end": 100
                                    }
                                },
                                "motion_fx_scale_effect": "",
                                "motion_fx_scale_direction": "out-in",
                                "motion_fx_scale_speed": {
                                    "unit": "px",
                                    "size": 4,
                                    "sizes": []
                                },
                                "motion_fx_scale_range": {
                                    "unit": "%",
                                    "size": "",
                                    "sizes": {
                                        "start": 20,
                                        "end": 80
                                    }
                                },
                                "motion_fx_transform_origin_x": "center",
                                "motion_fx_transform_origin_y": "center",
                                "motion_fx_devices": [
                                    "desktop",
                                    "tablet",
                                    "mobile"
                                ],
                                "motion_fx_range": "",
                                "motion_fx_mouseTrack_effect": "",
                                "motion_fx_mouseTrack_direction": "",
                                "motion_fx_mouseTrack_speed": {
                                    "unit": "px",
                                    "size": 1,
                                    "sizes": []
                                },
                                "motion_fx_tilt_effect": "",
                                "motion_fx_tilt_direction": "",
                                "motion_fx_tilt_speed": {
                                    "unit": "px",
                                    "size": 4,
                                    "sizes": []
                                },
                                "sticky": "",
                                "sticky_on": [
                                    "desktop",
                                    "tablet",
                                    "mobile"
                                ],
                                "sticky_offset": 0,
                                "sticky_effects_offset": 0,
                                "_attributes": "",
                                "custom_css": ""
                            },
                            "elements": [
                                {
                                    "id": "3e710b64",
                                    "settings": {
                                        "_column_size": 100,
                                        "_inline_size": null,
                                        "background_background": "classic",
                                        "margin": {
                                            "unit": "px",
                                            "top": "0",
                                            "right": "0",
                                            "bottom": "0",
                                            "left": "0",
                                            "isLinked": false
                                        },
                                        "__globals__": {
                                            "background_color": "",
                                            "background_color_b": "",
                                            "background_overlay_color": "globals\/colors?id=00e1299",
                                            "background_overlay_color_b": ""
                                        },
                                        "content_position": "bottom",
                                        "padding": {
                                            "unit": "px",
                                            "top": "40",
                                            "right": "50",
                                            "bottom": "40",
                                            "left": "50",
                                            "isLinked": false
                                        },
                                        "background_color_stop": {
                                            "unit": "%",
                                            "size": 33,
                                            "sizes": []
                                        },
                                        "background_color_b": "#114EE7",
                                        "background_gradient_angle": {
                                            "unit": "deg",
                                            "size": 140,
                                            "sizes": []
                                        },
                                        "border_radius": {
                                            "unit": "px",
                                            "top": "0",
                                            "right": "0",
                                            "bottom": "0",
                                            "left": "0",
                                            "isLinked": true
                                        },
                                        "background_overlay_background": "classic",
                                        "background_overlay_position": "center left",
                                        "background_overlay_size": "cover",
                                        "background_overlay_opacity": {
                                            "unit": "px",
                                            "size": 0.54,
                                            "sizes": []
                                        },
                                        "background_image": {
                                            "url": "https:\/\/templatekit.jegtheme.com\/socca\/wp-content\/uploads\/sites\/54\/2021\/03\/soccer-ball-on-the-field.jpg",
                                            "id": 663
                                        },
                                        "background_position": "top center",
                                        "background_size": "cover",
                                        "background_motion_fx_motion_fx_scrolling": "",
                                        "background_motion_fx_translateY_effect": "",
                                        "background_motion_fx_translateY_direction": "",
                                        "background_motion_fx_translateY_speed": {
                                            "unit": "px",
                                            "size": 4,
                                            "sizes": []
                                        },
                                        "background_motion_fx_translateY_affectedRange": {
                                            "unit": "%",
                                            "size": "",
                                            "sizes": {
                                                "start": 0,
                                                "end": 100
                                            }
                                        },
                                        "background_motion_fx_translateX_effect": "",
                                        "background_motion_fx_translateX_direction": "",
                                        "background_motion_fx_translateX_speed": {
                                            "unit": "px",
                                            "size": 4,
                                            "sizes": []
                                        },
                                        "background_motion_fx_translateX_affectedRange": {
                                            "unit": "%",
                                            "size": "",
                                            "sizes": {
                                                "start": 0,
                                                "end": 100
                                            }
                                        },
                                        "background_motion_fx_opacity_effect": "",
                                        "background_motion_fx_opacity_direction": "out-in",
                                        "background_motion_fx_opacity_level": {
                                            "unit": "px",
                                            "size": 10,
                                            "sizes": []
                                        },
                                        "background_motion_fx_opacity_range": {
                                            "unit": "%",
                                            "size": "",
                                            "sizes": {
                                                "start": 20,
                                                "end": 80
                                            }
                                        },
                                        "background_motion_fx_blur_effect": "",
                                        "background_motion_fx_blur_direction": "out-in",
                                        "background_motion_fx_blur_level": {
                                            "unit": "px",
                                            "size": 7,
                                            "sizes": []
                                        },
                                        "background_motion_fx_blur_range": {
                                            "unit": "%",
                                            "size": "",
                                            "sizes": {
                                                "start": 20,
                                                "end": 80
                                            }
                                        },
                                        "background_motion_fx_rotateZ_direction": "",
                                        "background_motion_fx_rotateZ_speed": {
                                            "unit": "px",
                                            "size": 1,
                                            "sizes": []
                                        },
                                        "background_motion_fx_rotateZ_affectedRange": {
                                            "unit": "%",
                                            "size": "",
                                            "sizes": {
                                                "start": 0,
                                                "end": 100
                                            }
                                        },
                                        "background_motion_fx_scale_effect": "",
                                        "background_motion_fx_scale_direction": "out-in",
                                        "background_motion_fx_scale_speed": {
                                            "unit": "px",
                                            "size": 4,
                                            "sizes": []
                                        },
                                        "background_motion_fx_scale_range": {
                                            "unit": "%",
                                            "size": "",
                                            "sizes": {
                                                "start": 20,
                                                "end": 80
                                            }
                                        },
                                        "background_motion_fx_devices": [
                                            "desktop",
                                            "tablet",
                                            "mobile"
                                        ],
                                        "background_motion_fx_range": "",
                                        "background_motion_fx_motion_fx_mouse": "",
                                        "background_motion_fx_mouseTrack_effect": "",
                                        "background_motion_fx_mouseTrack_direction": "",
                                        "background_motion_fx_mouseTrack_speed": {
                                            "unit": "px",
                                            "size": 1,
                                            "sizes": []
                                        },
                                        "background_motion_fx_tilt_direction": "",
                                        "background_motion_fx_tilt_speed": {
                                            "unit": "px",
                                            "size": 4,
                                            "sizes": []
                                        },
                                        "motion_fx_motion_fx_scrolling": "",
                                        "motion_fx_translateY_effect": "",
                                        "motion_fx_translateY_direction": "",
                                        "motion_fx_translateY_speed": {
                                            "unit": "px",
                                            "size": 4,
                                            "sizes": []
                                        },
                                        "motion_fx_translateY_affectedRange": {
                                            "unit": "%",
                                            "size": "",
                                            "sizes": {
                                                "start": 0,
                                                "end": 100
                                            }
                                        },
                                        "motion_fx_translateX_effect": "",
                                        "motion_fx_translateX_direction": "",
                                        "motion_fx_translateX_speed": {
                                            "unit": "px",
                                            "size": 4,
                                            "sizes": []
                                        },
                                        "motion_fx_translateX_affectedRange": {
                                            "unit": "%",
                                            "size": "",
                                            "sizes": {
                                                "start": 0,
                                                "end": 100
                                            }
                                        },
                                        "motion_fx_opacity_effect": "",
                                        "motion_fx_opacity_direction": "out-in",
                                        "motion_fx_opacity_level": {
                                            "unit": "px",
                                            "size": 10,
                                            "sizes": []
                                        },
                                        "motion_fx_opacity_range": {
                                            "unit": "%",
                                            "size": "",
                                            "sizes": {
                                                "start": 20,
                                                "end": 80
                                            }
                                        },
                                        "motion_fx_blur_effect": "",
                                        "motion_fx_blur_direction": "out-in",
                                        "motion_fx_blur_level": {
                                            "unit": "px",
                                            "size": 7,
                                            "sizes": []
                                        },
                                        "motion_fx_blur_range": {
                                            "unit": "%",
                                            "size": "",
                                            "sizes": {
                                                "start": 20,
                                                "end": 80
                                            }
                                        },
                                        "motion_fx_rotateZ_effect": "",
                                        "motion_fx_rotateZ_direction": "",
                                        "motion_fx_rotateZ_speed": {
                                            "unit": "px",
                                            "size": 1,
                                            "sizes": []
                                        },
                                        "motion_fx_rotateZ_affectedRange": {
                                            "unit": "%",
                                            "size": "",
                                            "sizes": {
                                                "start": 0,
                                                "end": 100
                                            }
                                        },
                                        "motion_fx_scale_effect": "",
                                        "motion_fx_scale_direction": "out-in",
                                        "motion_fx_scale_speed": {
                                            "unit": "px",
                                            "size": 4,
                                            "sizes": []
                                        },
                                        "motion_fx_scale_range": {
                                            "unit": "%",
                                            "size": "",
                                            "sizes": {
                                                "start": 20,
                                                "end": 80
                                            }
                                        },
                                        "motion_fx_transform_origin_x": "center",
                                        "motion_fx_transform_origin_y": "center",
                                        "motion_fx_devices": [
                                            "desktop",
                                            "tablet",
                                            "mobile"
                                        ],
                                        "motion_fx_range": "",
                                        "motion_fx_motion_fx_mouse": "",
                                        "motion_fx_mouseTrack_effect": "",
                                        "motion_fx_mouseTrack_direction": "",
                                        "motion_fx_mouseTrack_speed": {
                                            "unit": "px",
                                            "size": 1,
                                            "sizes": []
                                        },
                                        "motion_fx_tilt_effect": "",
                                        "motion_fx_tilt_direction": "",
                                        "motion_fx_tilt_speed": {
                                            "unit": "px",
                                            "size": 4,
                                            "sizes": []
                                        },
                                        "_attributes": "",
                                        "custom_css": ""
                                    },
                                    "elements": [
                                        {
                                            "id": "15c01853",
                                            "settings": {
                                                "space": {
                                                    "unit": "px",
                                                    "size": 188,
                                                    "sizes": []
                                                },
                                                "space_tablet": {
                                                    "unit": "px",
                                                    "size": 172,
                                                    "sizes": []
                                                },
                                                "motion_fx_motion_fx_scrolling": "",
                                                "motion_fx_translateY_effect": "",
                                                "motion_fx_translateY_direction": "",
                                                "motion_fx_translateY_speed": {
                                                    "unit": "px",
                                                    "size": 4,
                                                    "sizes": []
                                                },
                                                "motion_fx_translateY_affectedRange": {
                                                    "unit": "%",
                                                    "size": "",
                                                    "sizes": {
                                                        "start": 0,
                                                        "end": 100
                                                    }
                                                },
                                                "motion_fx_translateX_effect": "",
                                                "motion_fx_translateX_direction": "",
                                                "motion_fx_translateX_speed": {
                                                    "unit": "px",
                                                    "size": 4,
                                                    "sizes": []
                                                },
                                                "motion_fx_translateX_affectedRange": {
                                                    "unit": "%",
                                                    "size": "",
                                                    "sizes": {
                                                        "start": 0,
                                                        "end": 100
                                                    }
                                                },
                                                "motion_fx_opacity_effect": "",
                                                "motion_fx_opacity_direction": "out-in",
                                                "motion_fx_opacity_level": {
                                                    "unit": "px",
                                                    "size": 10,
                                                    "sizes": []
                                                },
                                                "motion_fx_opacity_range": {
                                                    "unit": "%",
                                                    "size": "",
                                                    "sizes": {
                                                        "start": 20,
                                                        "end": 80
                                                    }
                                                },
                                                "motion_fx_blur_effect": "",
                                                "motion_fx_blur_direction": "out-in",
                                                "motion_fx_blur_level": {
                                                    "unit": "px",
                                                    "size": 7,
                                                    "sizes": []
                                                },
                                                "motion_fx_blur_range": {
                                                    "unit": "%",
                                                    "size": "",
                                                    "sizes": {
                                                        "start": 20,
                                                        "end": 80
                                                    }
                                                },
                                                "motion_fx_rotateZ_effect": "",
                                                "motion_fx_rotateZ_direction": "",
                                                "motion_fx_rotateZ_speed": {
                                                    "unit": "px",
                                                    "size": 1,
                                                    "sizes": []
                                                },
                                                "motion_fx_rotateZ_affectedRange": {
                                                    "unit": "%",
                                                    "size": "",
                                                    "sizes": {
                                                        "start": 0,
                                                        "end": 100
                                                    }
                                                },
                                                "motion_fx_scale_effect": "",
                                                "motion_fx_scale_direction": "out-in",
                                                "motion_fx_scale_speed": {
                                                    "unit": "px",
                                                    "size": 4,
                                                    "sizes": []
                                                },
                                                "motion_fx_scale_range": {
                                                    "unit": "%",
                                                    "size": "",
                                                    "sizes": {
                                                        "start": 20,
                                                        "end": 80
                                                    }
                                                },
                                                "motion_fx_transform_origin_x": "center",
                                                "motion_fx_transform_origin_y": "center",
                                                "motion_fx_devices": [
                                                    "desktop",
                                                    "tablet",
                                                    "mobile"
                                                ],
                                                "motion_fx_range": "",
                                                "motion_fx_motion_fx_mouse": "",
                                                "motion_fx_mouseTrack_effect": "",
                                                "motion_fx_mouseTrack_direction": "",
                                                "motion_fx_mouseTrack_speed": {
                                                    "unit": "px",
                                                    "size": 1,
                                                    "sizes": []
                                                },
                                                "motion_fx_tilt_effect": "",
                                                "motion_fx_tilt_direction": "",
                                                "motion_fx_tilt_speed": {
                                                    "unit": "px",
                                                    "size": 4,
                                                    "sizes": []
                                                },
                                                "sticky": "",
                                                "sticky_on": [
                                                    "desktop",
                                                    "tablet",
                                                    "mobile"
                                                ],
                                                "sticky_offset": 0,
                                                "sticky_effects_offset": 0,
                                                "sticky_parent": "",
                                                "_attributes": "",
                                                "custom_css": ""
                                            },
                                            "elements": [],
                                            "isInner": false,
                                            "widgetType": "spacer",
                                            "elType": "widget"
                                        },
                                        {
                                            "id": "1566f6e",
                                            "settings": {
                                                "editor": "Keep Updated to our News and Blog",
                                                "align": "center",
                                                "__globals__": {
                                                    "text_color": "globals\/colors?id=4ea2f0b",
                                                    "typography_typography": "globals\/typography?id=text"
                                                },
                                                "motion_fx_motion_fx_scrolling": "",
                                                "motion_fx_translateY_effect": "",
                                                "motion_fx_translateY_direction": "",
                                                "motion_fx_translateY_speed": {
                                                    "unit": "px",
                                                    "size": 4,
                                                    "sizes": []
                                                },
                                                "motion_fx_translateY_affectedRange": {
                                                    "unit": "%",
                                                    "size": "",
                                                    "sizes": {
                                                        "start": 0,
                                                        "end": 100
                                                    }
                                                },
                                                "motion_fx_translateX_effect": "",
                                                "motion_fx_translateX_direction": "",
                                                "motion_fx_translateX_speed": {
                                                    "unit": "px",
                                                    "size": 4,
                                                    "sizes": []
                                                },
                                                "motion_fx_translateX_affectedRange": {
                                                    "unit": "%",
                                                    "size": "",
                                                    "sizes": {
                                                        "start": 0,
                                                        "end": 100
                                                    }
                                                },
                                                "motion_fx_opacity_effect": "",
                                                "motion_fx_opacity_direction": "out-in",
                                                "motion_fx_opacity_level": {
                                                    "unit": "px",
                                                    "size": 10,
                                                    "sizes": []
                                                },
                                                "motion_fx_opacity_range": {
                                                    "unit": "%",
                                                    "size": "",
                                                    "sizes": {
                                                        "start": 20,
                                                        "end": 80
                                                    }
                                                },
                                                "motion_fx_blur_effect": "",
                                                "motion_fx_blur_direction": "out-in",
                                                "motion_fx_blur_level": {
                                                    "unit": "px",
                                                    "size": 7,
                                                    "sizes": []
                                                },
                                                "motion_fx_blur_range": {
                                                    "unit": "%",
                                                    "size": "",
                                                    "sizes": {
                                                        "start": 20,
                                                        "end": 80
                                                    }
                                                },
                                                "motion_fx_rotateZ_effect": "",
                                                "motion_fx_rotateZ_direction": "",
                                                "motion_fx_rotateZ_speed": {
                                                    "unit": "px",
                                                    "size": 1,
                                                    "sizes": []
                                                },
                                                "motion_fx_rotateZ_affectedRange": {
                                                    "unit": "%",
                                                    "size": "",
                                                    "sizes": {
                                                        "start": 0,
                                                        "end": 100
                                                    }
                                                },
                                                "motion_fx_scale_effect": "",
                                                "motion_fx_scale_direction": "out-in",
                                                "motion_fx_scale_speed": {
                                                    "unit": "px",
                                                    "size": 4,
                                                    "sizes": []
                                                },
                                                "motion_fx_scale_range": {
                                                    "unit": "%",
                                                    "size": "",
                                                    "sizes": {
                                                        "start": 20,
                                                        "end": 80
                                                    }
                                                },
                                                "motion_fx_transform_origin_x": "center",
                                                "motion_fx_transform_origin_y": "center",
                                                "motion_fx_devices": [
                                                    "desktop",
                                                    "tablet",
                                                    "mobile"
                                                ],
                                                "motion_fx_range": "",
                                                "motion_fx_motion_fx_mouse": "",
                                                "motion_fx_mouseTrack_effect": "",
                                                "motion_fx_mouseTrack_direction": "",
                                                "motion_fx_mouseTrack_speed": {
                                                    "unit": "px",
                                                    "size": 1,
                                                    "sizes": []
                                                },
                                                "motion_fx_tilt_effect": "",
                                                "motion_fx_tilt_direction": "",
                                                "motion_fx_tilt_speed": {
                                                    "unit": "px",
                                                    "size": 4,
                                                    "sizes": []
                                                },
                                                "sticky": "",
                                                "sticky_on": [
                                                    "desktop",
                                                    "tablet",
                                                    "mobile"
                                                ],
                                                "sticky_offset": 0,
                                                "sticky_effects_offset": 0,
                                                "sticky_parent": "",
                                                "_attributes": "",
                                                "custom_css": ""
                                            },
                                            "elements": [],
                                            "isInner": false,
                                            "widgetType": "text-editor",
                                            "elType": "widget"
                                        },
                                        {
                                            "id": "21c8740b",
                                            "settings": {
                                                "text": "Subscribe",
                                                "border_radius": {
                                                    "unit": "px",
                                                    "top": "0",
                                                    "right": "0",
                                                    "bottom": "0",
                                                    "left": "0",
                                                    "isLinked": true
                                                },
                                                "text_padding": {
                                                    "unit": "px",
                                                    "top": "20",
                                                    "right": "32",
                                                    "bottom": "20",
                                                    "left": "32",
                                                    "isLinked": false
                                                },
                                                "__globals__": {
                                                    "button_text_color": "globals\/colors?id=4ea2f0b",
                                                    "border_color": "",
                                                    "hover_color": "",
                                                    "typography_typography": "globals\/typography?id=3a56188",
                                                    "background_color": "globals\/colors?id=1988e30",
                                                    "button_background_hover_color": ""
                                                },
                                                "align": "justify",
                                                "_margin": {
                                                    "unit": "px",
                                                    "top": "0",
                                                    "right": "0",
                                                    "bottom": "0",
                                                    "left": "0",
                                                    "isLinked": false
                                                },
                                                "motion_fx_motion_fx_scrolling": "",
                                                "motion_fx_translateY_effect": "",
                                                "motion_fx_translateY_direction": "",
                                                "motion_fx_translateY_speed": {
                                                    "unit": "px",
                                                    "size": 4,
                                                    "sizes": []
                                                },
                                                "motion_fx_translateY_affectedRange": {
                                                    "unit": "%",
                                                    "size": "",
                                                    "sizes": {
                                                        "start": 0,
                                                        "end": 100
                                                    }
                                                },
                                                "motion_fx_translateX_effect": "",
                                                "motion_fx_translateX_direction": "",
                                                "motion_fx_translateX_speed": {
                                                    "unit": "px",
                                                    "size": 4,
                                                    "sizes": []
                                                },
                                                "motion_fx_translateX_affectedRange": {
                                                    "unit": "%",
                                                    "size": "",
                                                    "sizes": {
                                                        "start": 0,
                                                        "end": 100
                                                    }
                                                },
                                                "motion_fx_opacity_effect": "",
                                                "motion_fx_opacity_direction": "out-in",
                                                "motion_fx_opacity_level": {
                                                    "unit": "px",
                                                    "size": 10,
                                                    "sizes": []
                                                },
                                                "motion_fx_opacity_range": {
                                                    "unit": "%",
                                                    "size": "",
                                                    "sizes": {
                                                        "start": 20,
                                                        "end": 80
                                                    }
                                                },
                                                "motion_fx_blur_effect": "",
                                                "motion_fx_blur_direction": "out-in",
                                                "motion_fx_blur_level": {
                                                    "unit": "px",
                                                    "size": 7,
                                                    "sizes": []
                                                },
                                                "motion_fx_blur_range": {
                                                    "unit": "%",
                                                    "size": "",
                                                    "sizes": {
                                                        "start": 20,
                                                        "end": 80
                                                    }
                                                },
                                                "motion_fx_rotateZ_effect": "",
                                                "motion_fx_rotateZ_direction": "",
                                                "motion_fx_rotateZ_speed": {
                                                    "unit": "px",
                                                    "size": 1,
                                                    "sizes": []
                                                },
                                                "motion_fx_rotateZ_affectedRange": {
                                                    "unit": "%",
                                                    "size": "",
                                                    "sizes": {
                                                        "start": 0,
                                                        "end": 100
                                                    }
                                                },
                                                "motion_fx_scale_effect": "",
                                                "motion_fx_scale_direction": "out-in",
                                                "motion_fx_scale_speed": {
                                                    "unit": "px",
                                                    "size": 4,
                                                    "sizes": []
                                                },
                                                "motion_fx_scale_range": {
                                                    "unit": "%",
                                                    "size": "",
                                                    "sizes": {
                                                        "start": 20,
                                                        "end": 80
                                                    }
                                                },
                                                "motion_fx_transform_origin_x": "center",
                                                "motion_fx_transform_origin_y": "center",
                                                "motion_fx_devices": [
                                                    "desktop",
                                                    "tablet",
                                                    "mobile"
                                                ],
                                                "motion_fx_range": "",
                                                "motion_fx_motion_fx_mouse": "",
                                                "motion_fx_mouseTrack_effect": "",
                                                "motion_fx_mouseTrack_direction": "",
                                                "motion_fx_mouseTrack_speed": {
                                                    "unit": "px",
                                                    "size": 1,
                                                    "sizes": []
                                                },
                                                "motion_fx_tilt_effect": "",
                                                "motion_fx_tilt_direction": "",
                                                "motion_fx_tilt_speed": {
                                                    "unit": "px",
                                                    "size": 4,
                                                    "sizes": []
                                                },
                                                "sticky": "",
                                                "sticky_on": [
                                                    "desktop",
                                                    "tablet",
                                                    "mobile"
                                                ],
                                                "sticky_offset": 0,
                                                "sticky_effects_offset": 0,
                                                "sticky_parent": "",
                                                "_attributes": "",
                                                "custom_css": ""
                                            },
                                            "elements": [],
                                            "isInner": false,
                                            "widgetType": "button",
                                            "elType": "widget"
                                        }
                                    ],
                                    "isInner": true,
                                    "elType": "column"
                                }
                            ],
                            "isInner": true,
                            "elType": "section"
                        }
                    ],
                    "isInner": false,
                    "elType": "column"
                }
            ],
            "isInner": false,
            "elType": "section"
        }
    ],
    "page_settings": {
        "eael_ext_toc_title": "Table of Contents",
        "template": "elementor_canvas"
    }
}