{
    "version": "0.4",
    "title": "Player and Coach",
    "type": "page",
    "metadata": {
        "template_type": "single-page",
        "include_in_zip": "1",
        "elementor_pro_required": null,
        "wp_page_template": "elementor_canvas"
    },
    "content": [
        {
            "id": "66321f3b",
            "settings": {
                "background_background": "classic",
                "background_image": {
                    "url": "https:\/\/templatekit.jegtheme.com\/socca\/wp-content\/uploads\/sites\/54\/2021\/03\/football-team-huddling-before-match.jpg",
                    "id": 588
                },
                "background_repeat": "no-repeat",
                "background_size": "cover",
                "background_overlay_background": "classic",
                "background_overlay_opacity": {
                    "unit": "px",
                    "size": 0.8,
                    "sizes": []
                },
                "padding": {
                    "unit": "px",
                    "top": "180",
                    "right": "0",
                    "bottom": "180",
                    "left": "0",
                    "isLinked": false
                },
                "background_position": "center center",
                "background_ypos": {
                    "unit": "%",
                    "size": 34,
                    "sizes": []
                },
                "background_position_mobile": "center center",
                "padding_tablet": {
                    "unit": "px",
                    "top": "140",
                    "right": "0",
                    "bottom": "140",
                    "left": "0",
                    "isLinked": false
                },
                "padding_mobile": {
                    "unit": "px",
                    "top": "100",
                    "right": "0",
                    "bottom": "100",
                    "left": "0",
                    "isLinked": false
                },
                "gap": "no",
                "__globals__": {
                    "background_overlay_color": "globals\/colors?id=00e1299",
                    "shape_divider_bottom_color": "globals\/colors?id=7049ee0"
                },
                "shape_divider_bottom": "triangle",
                "shape_divider_bottom_height": {
                    "unit": "px",
                    "size": 70,
                    "sizes": []
                },
                "shape_divider_bottom_negative": "yes"
            },
            "elements": [
                {
                    "id": "74e6fc7a",
                    "settings": {
                        "_column_size": 100,
                        "_inline_size": null,
                        "margin_tablet": {
                            "unit": "px",
                            "top": "0",
                            "right": "10",
                            "bottom": "0",
                            "left": "10",
                            "isLinked": false
                        }
                    },
                    "elements": [
                        {
                            "id": "dea6dcb",
                            "settings": {
                                "title": "Player and Coach",
                                "__globals__": {
                                    "typography_typography": "globals\/typography?id=d7ffd59",
                                    "title_color": "globals\/colors?id=4ea2f0b"
                                },
                                "align": "center"
                            },
                            "elements": [],
                            "isInner": false,
                            "widgetType": "heading",
                            "elType": "widget"
                        }
                    ],
                    "isInner": false,
                    "elType": "column"
                }
            ],
            "isInner": false,
            "elType": "section"
        },
        {
            "id": "5ddd5c17",
            "settings": {
                "background_background": "classic",
                "padding": {
                    "unit": "px",
                    "top": "120",
                    "right": "0",
                    "bottom": "100",
                    "left": "0",
                    "isLinked": false
                },
                "content_position": "middle",
                "background_overlay_position": "center center",
                "background_overlay_size": "contain",
                "background_overlay_opacity": {
                    "unit": "px",
                    "size": 0.36,
                    "sizes": []
                },
                "margin": {
                    "unit": "px",
                    "top": "",
                    "right": 0,
                    "bottom": "",
                    "left": 0,
                    "isLinked": true
                },
                "background_overlay_attachment": "fixed",
                "padding_tablet": {
                    "unit": "px",
                    "top": "80",
                    "right": "10",
                    "bottom": "60",
                    "left": "10",
                    "isLinked": false
                },
                "padding_mobile": {
                    "unit": "px",
                    "top": "60",
                    "right": "10",
                    "bottom": "80",
                    "left": "10",
                    "isLinked": false
                },
                "gap": "no",
                "background_color_stop": {
                    "unit": "%",
                    "size": 60,
                    "sizes": []
                },
                "background_color_b_stop": {
                    "unit": "%",
                    "size": 0,
                    "sizes": []
                },
                "background_gradient_angle": {
                    "unit": "deg",
                    "size": 130,
                    "sizes": []
                },
                "__globals__": {
                    "background_color": "globals\/colors?id=7049ee0",
                    "background_color_b": "globals\/colors?id=d34468b"
                }
            },
            "elements": [
                {
                    "id": "6d9a7bc4",
                    "settings": {
                        "_column_size": 100,
                        "_inline_size": null
                    },
                    "elements": [
                        {
                            "id": "6dcd605a",
                            "settings": {
                                "title": "The Player",
                                "align": "center",
                                "__globals__": {
                                    "title_color": "globals\/colors?id=00e1299",
                                    "typography_typography": "globals\/typography?id=d7ffd59"
                                }
                            },
                            "elements": [],
                            "isInner": false,
                            "widgetType": "heading",
                            "elType": "widget"
                        },
                        {
                            "id": "8fcf57c",
                            "settings": {
                                "gap": "no",
                                "structure": "30",
                                "margin": {
                                    "unit": "px",
                                    "top": "40",
                                    "right": 0,
                                    "bottom": "0",
                                    "left": 0,
                                    "isLinked": false
                                },
                                "content_position": "middle",
                                "margin_mobile": {
                                    "unit": "px",
                                    "top": "20",
                                    "right": 0,
                                    "bottom": "0",
                                    "left": 0,
                                    "isLinked": false
                                },
                                "padding": {
                                    "unit": "px",
                                    "top": "0",
                                    "right": "0",
                                    "bottom": "80",
                                    "left": "0",
                                    "isLinked": false
                                }
                            },
                            "elements": [
                                {
                                    "id": "4f22895b",
                                    "settings": {
                                        "_column_size": 33,
                                        "_inline_size": null,
                                        "margin": {
                                            "unit": "px",
                                            "top": "0",
                                            "right": "30",
                                            "bottom": "0",
                                            "left": "0",
                                            "isLinked": false
                                        },
                                        "margin_tablet": {
                                            "unit": "px",
                                            "top": "0",
                                            "right": "20",
                                            "bottom": "0",
                                            "left": "4",
                                            "isLinked": false
                                        },
                                        "margin_mobile": {
                                            "unit": "px",
                                            "top": "0",
                                            "right": "0",
                                            "bottom": "20",
                                            "left": "0",
                                            "isLinked": false
                                        }
                                    },
                                    "elements": [
                                        {
                                            "id": "32be1df4",
                                            "settings": {
                                                "sg_member_style": "overlay",
                                                "sg_member_image_size_imagesize_size": "full",
                                                "sg_member_name": "Finlay Adams",
                                                "sg_member_position": "Defender",
                                                "sg_member_description": "Lorem ipsum dolor sit amet, consectetur adipiscing elit, sed do eiusmod tempor incididunt ut labore et dolore magna aliqua.",
                                                "sg_social_show": "",
                                                "sg_social_icon": [
                                                    {
                                                        "sg_social_icon": {
                                                            "value": "fab fa-facebook-f",
                                                            "library": "fa-brands"
                                                        },
                                                        "sg_social_label": "Facebook",
                                                        "sg_social_link": {
                                                            "url": "https:\/\/facebook.com"
                                                        },
                                                        "_id": "a4ad856"
                                                    },
                                                    {
                                                        "sg_social_icon": {
                                                            "value": "fab fa-twitter",
                                                            "library": "fa-brands"
                                                        },
                                                        "sg_social_label": "Twitter",
                                                        "sg_social_link": {
                                                            "url": "https:\/\/twitter.com"
                                                        },
                                                        "_id": "b238982"
                                                    },
                                                    {
                                                        "sg_social_icon": {
                                                            "value": "fab fa-pinterest-p",
                                                            "library": "fa-brands"
                                                        },
                                                        "sg_social_label": "Pinterest",
                                                        "sg_social_link": {
                                                            "url": "https:\/\/pinterest.com"
                                                        },
                                                        "_id": "af78277"
                                                    }
                                                ],
                                                "sg_popup_phone": "+1 (234) 567-879",
                                                "sg_popup_email": "info@example.com",
                                                "sg_member_overlay_content_alignment": "bottom",
                                                "sg_member_image": {
                                                    "url": "https:\/\/templatekit.jegtheme.com\/socca\/wp-content\/uploads\/sites\/54\/2021\/03\/team-2.jpg",
                                                    "id": 520
                                                },
                                                "sg_member_html_tag": "h5",
                                                "st_content_hover_background_background_background": "classic",
                                                "st_content_hover_background_background_color": "#2F00009E",
                                                "__globals__": {
                                                    "st_name_typography_content_typography_typography": "globals\/typography?id=1efc178",
                                                    "st_name_normal_color_responsive": "globals\/colors?id=4ea2f0b",
                                                    "st_position_typography_content_typography_typography": "globals\/typography?id=text",
                                                    "st_position_normal_color_responsive": "globals\/colors?id=4ea2f0b"
                                                }
                                            },
                                            "elements": [],
                                            "isInner": false,
                                            "widgetType": "jkit_team",
                                            "elType": "widget"
                                        }
                                    ],
                                    "isInner": true,
                                    "elType": "column"
                                },
                                {
                                    "id": "20e15ade",
                                    "settings": {
                                        "_column_size": 33,
                                        "_inline_size": null,
                                        "margin": {
                                            "unit": "px",
                                            "top": "0",
                                            "right": "15",
                                            "bottom": "0",
                                            "left": "15",
                                            "isLinked": false
                                        },
                                        "margin_tablet": {
                                            "unit": "px",
                                            "top": "0",
                                            "right": "12",
                                            "bottom": "0",
                                            "left": "12",
                                            "isLinked": false
                                        },
                                        "margin_mobile": {
                                            "unit": "px",
                                            "top": "0",
                                            "right": "0",
                                            "bottom": "20",
                                            "left": "0",
                                            "isLinked": false
                                        }
                                    },
                                    "elements": [
                                        {
                                            "id": "457c3391",
                                            "settings": {
                                                "sg_member_style": "overlay",
                                                "sg_member_image_size_imagesize_size": "full",
                                                "sg_member_name": "Robert Richards",
                                                "sg_member_position": "Center Midfield",
                                                "sg_member_description": "Lorem ipsum dolor sit amet, consectetur adipiscing elit, sed do eiusmod tempor incididunt ut labore et dolore magna aliqua.",
                                                "sg_social_show": "",
                                                "sg_social_icon": [
                                                    {
                                                        "sg_social_icon": {
                                                            "value": "fab fa-facebook-f",
                                                            "library": "fa-brands"
                                                        },
                                                        "sg_social_label": "Facebook",
                                                        "sg_social_link": {
                                                            "url": "https:\/\/facebook.com"
                                                        },
                                                        "_id": "a4ad856"
                                                    },
                                                    {
                                                        "sg_social_icon": {
                                                            "value": "fab fa-twitter",
                                                            "library": "fa-brands"
                                                        },
                                                        "sg_social_label": "Twitter",
                                                        "sg_social_link": {
                                                            "url": "https:\/\/twitter.com"
                                                        },
                                                        "_id": "b238982"
                                                    },
                                                    {
                                                        "sg_social_icon": {
                                                            "value": "fab fa-pinterest-p",
                                                            "library": "fa-brands"
                                                        },
                                                        "sg_social_label": "Pinterest",
                                                        "sg_social_link": {
                                                            "url": "https:\/\/pinterest.com"
                                                        },
                                                        "_id": "af78277"
                                                    }
                                                ],
                                                "sg_popup_phone": "+1 (234) 567-879",
                                                "sg_popup_email": "info@example.com",
                                                "sg_member_overlay_content_alignment": "bottom",
                                                "sg_member_image": {
                                                    "url": "https:\/\/templatekit.jegtheme.com\/socca\/wp-content\/uploads\/sites\/54\/2021\/03\/team-1.jpg",
                                                    "id": 519
                                                },
                                                "sg_member_html_tag": "h5",
                                                "st_content_hover_background_background_background": "classic",
                                                "st_content_hover_background_background_color": "#2F00009E",
                                                "__globals__": {
                                                    "st_name_typography_content_typography_typography": "globals\/typography?id=1efc178",
                                                    "st_name_normal_color_responsive": "globals\/colors?id=4ea2f0b",
                                                    "st_position_typography_content_typography_typography": "globals\/typography?id=text",
                                                    "st_position_normal_color_responsive": "globals\/colors?id=4ea2f0b"
                                                }
                                            },
                                            "elements": [],
                                            "isInner": false,
                                            "widgetType": "jkit_team",
                                            "elType": "widget"
                                        }
                                    ],
                                    "isInner": true,
                                    "elType": "column"
                                },
                                {
                                    "id": "5507d605",
                                    "settings": {
                                        "_column_size": 33,
                                        "_inline_size": null,
                                        "margin": {
                                            "unit": "px",
                                            "top": "0",
                                            "right": "0",
                                            "bottom": "0",
                                            "left": "30",
                                            "isLinked": false
                                        },
                                        "margin_tablet": {
                                            "unit": "px",
                                            "top": "0",
                                            "right": "4",
                                            "bottom": "0",
                                            "left": "20",
                                            "isLinked": false
                                        },
                                        "margin_mobile": {
                                            "unit": "px",
                                            "top": "0",
                                            "right": "0",
                                            "bottom": "0",
                                            "left": "0",
                                            "isLinked": false
                                        }
                                    },
                                    "elements": [
                                        {
                                            "id": "2e0bc0cc",
                                            "settings": {
                                                "sg_member_style": "overlay",
                                                "sg_member_image_size_imagesize_size": "full",
                                                "sg_member_name": "Leon Reid",
                                                "sg_member_position": "Striker",
                                                "sg_member_description": "Lorem ipsum dolor sit amet, consectetur adipiscing elit, sed do eiusmod tempor incididunt ut labore et dolore magna aliqua.",
                                                "sg_social_show": "",
                                                "sg_social_icon": [
                                                    {
                                                        "sg_social_icon": {
                                                            "value": "fab fa-facebook-f",
                                                            "library": "fa-brands"
                                                        },
                                                        "sg_social_label": "Facebook",
                                                        "sg_social_link": {
                                                            "url": "https:\/\/facebook.com"
                                                        },
                                                        "_id": "a4ad856"
                                                    },
                                                    {
                                                        "sg_social_icon": {
                                                            "value": "fab fa-twitter",
                                                            "library": "fa-brands"
                                                        },
                                                        "sg_social_label": "Twitter",
                                                        "sg_social_link": {
                                                            "url": "https:\/\/twitter.com"
                                                        },
                                                        "_id": "b238982"
                                                    },
                                                    {
                                                        "sg_social_icon": {
                                                            "value": "fab fa-pinterest-p",
                                                            "library": "fa-brands"
                                                        },
                                                        "sg_social_label": "Pinterest",
                                                        "sg_social_link": {
                                                            "url": "https:\/\/pinterest.com"
                                                        },
                                                        "_id": "af78277"
                                                    }
                                                ],
                                                "sg_popup_phone": "+1 (234) 567-879",
                                                "sg_popup_email": "info@example.com",
                                                "sg_member_overlay_content_alignment": "bottom",
                                                "sg_member_image": {
                                                    "url": "https:\/\/templatekit.jegtheme.com\/socca\/wp-content\/uploads\/sites\/54\/2021\/03\/team-3.jpg",
                                                    "id": 521
                                                },
                                                "sg_member_html_tag": "h5",
                                                "st_content_hover_background_background_background": "classic",
                                                "st_content_hover_background_background_color": "#2F00009E",
                                                "__globals__": {
                                                    "st_name_typography_content_typography_typography": "globals\/typography?id=1efc178",
                                                    "st_name_normal_color_responsive": "globals\/colors?id=4ea2f0b",
                                                    "st_position_typography_content_typography_typography": "globals\/typography?id=text",
                                                    "st_position_normal_color_responsive": "globals\/colors?id=4ea2f0b"
                                                }
                                            },
                                            "elements": [],
                                            "isInner": false,
                                            "widgetType": "jkit_team",
                                            "elType": "widget"
                                        }
                                    ],
                                    "isInner": true,
                                    "elType": "column"
                                }
                            ],
                            "isInner": true,
                            "elType": "section"
                        },
                        {
                            "id": "46e2dd7e",
                            "settings": {
                                "title": "The Coach",
                                "align": "center",
                                "__globals__": {
                                    "title_color": "globals\/colors?id=00e1299",
                                    "typography_typography": "globals\/typography?id=d7ffd59"
                                }
                            },
                            "elements": [],
                            "isInner": false,
                            "widgetType": "heading",
                            "elType": "widget"
                        },
                        {
                            "id": "1a2502fb",
                            "settings": {
                                "gap": "no",
                                "structure": "30",
                                "margin": {
                                    "unit": "px",
                                    "top": "30",
                                    "right": 0,
                                    "bottom": "0",
                                    "left": 0,
                                    "isLinked": false
                                },
                                "content_position": "middle",
                                "margin_mobile": {
                                    "unit": "px",
                                    "top": "20",
                                    "right": 0,
                                    "bottom": "0",
                                    "left": 0,
                                    "isLinked": false
                                },
                                "padding": {
                                    "unit": "px",
                                    "top": "0",
                                    "right": "0",
                                    "bottom": "0",
                                    "left": "0",
                                    "isLinked": false
                                }
                            },
                            "elements": [
                                {
                                    "id": "6d038c22",
                                    "settings": {
                                        "_column_size": 33,
                                        "_inline_size": null,
                                        "margin": {
                                            "unit": "px",
                                            "top": "0",
                                            "right": "30",
                                            "bottom": "0",
                                            "left": "0",
                                            "isLinked": false
                                        },
                                        "margin_tablet": {
                                            "unit": "px",
                                            "top": "0",
                                            "right": "20",
                                            "bottom": "0",
                                            "left": "4",
                                            "isLinked": false
                                        },
                                        "margin_mobile": {
                                            "unit": "px",
                                            "top": "0",
                                            "right": "0",
                                            "bottom": "20",
                                            "left": "0",
                                            "isLinked": false
                                        }
                                    },
                                    "elements": [
                                        {
                                            "id": "2e7edcc0",
                                            "settings": {
                                                "sg_member_style": "overlay",
                                                "sg_member_image_size_imagesize_size": "full",
                                                "sg_member_name": "Coach Doe",
                                                "sg_member_position": "Woman Coach",
                                                "sg_member_description": "Lorem ipsum dolor sit amet, consectetur adipiscing elit, sed do eiusmod tempor incididunt ut labore et dolore magna aliqua.",
                                                "sg_social_show": "",
                                                "sg_social_icon": [
                                                    {
                                                        "sg_social_icon": {
                                                            "value": "fab fa-facebook-f",
                                                            "library": "fa-brands"
                                                        },
                                                        "sg_social_label": "Facebook",
                                                        "sg_social_link": {
                                                            "url": "https:\/\/facebook.com"
                                                        },
                                                        "_id": "a4ad856"
                                                    },
                                                    {
                                                        "sg_social_icon": {
                                                            "value": "fab fa-twitter",
                                                            "library": "fa-brands"
                                                        },
                                                        "sg_social_label": "Twitter",
                                                        "sg_social_link": {
                                                            "url": "https:\/\/twitter.com"
                                                        },
                                                        "_id": "b238982"
                                                    },
                                                    {
                                                        "sg_social_icon": {
                                                            "value": "fab fa-pinterest-p",
                                                            "library": "fa-brands"
                                                        },
                                                        "sg_social_label": "Pinterest",
                                                        "sg_social_link": {
                                                            "url": "https:\/\/pinterest.com"
                                                        },
                                                        "_id": "af78277"
                                                    }
                                                ],
                                                "sg_popup_phone": "+1 (234) 567-879",
                                                "sg_popup_email": "info@example.com",
                                                "sg_member_overlay_content_alignment": "bottom",
                                                "sg_member_image": {
                                                    "url": "https:\/\/templatekit.jegtheme.com\/socca\/wp-content\/uploads\/sites\/54\/2021\/03\/Coach-3.jpg",
                                                    "id": 587
                                                },
                                                "sg_member_html_tag": "h5",
                                                "st_content_hover_background_background_background": "classic",
                                                "st_content_hover_background_background_color": "#2F00009E",
                                                "__globals__": {
                                                    "st_name_typography_content_typography_typography": "globals\/typography?id=1efc178",
                                                    "st_name_normal_color_responsive": "globals\/colors?id=4ea2f0b",
                                                    "st_position_typography_content_typography_typography": "globals\/typography?id=text",
                                                    "st_position_normal_color_responsive": "globals\/colors?id=4ea2f0b"
                                                }
                                            },
                                            "elements": [],
                                            "isInner": false,
                                            "widgetType": "jkit_team",
                                            "elType": "widget"
                                        }
                                    ],
                                    "isInner": true,
                                    "elType": "column"
                                },
                                {
                                    "id": "6239bb83",
                                    "settings": {
                                        "_column_size": 33,
                                        "_inline_size": null,
                                        "margin": {
                                            "unit": "px",
                                            "top": "0",
                                            "right": "15",
                                            "bottom": "0",
                                            "left": "15",
                                            "isLinked": false
                                        },
                                        "margin_tablet": {
                                            "unit": "px",
                                            "top": "0",
                                            "right": "12",
                                            "bottom": "0",
                                            "left": "12",
                                            "isLinked": false
                                        },
                                        "margin_mobile": {
                                            "unit": "px",
                                            "top": "0",
                                            "right": "0",
                                            "bottom": "20",
                                            "left": "0",
                                            "isLinked": false
                                        }
                                    },
                                    "elements": [
                                        {
                                            "id": "5f0d6438",
                                            "settings": {
                                                "sg_member_style": "overlay",
                                                "sg_member_image_size_imagesize_size": "full",
                                                "sg_member_name": "Coach Jhon",
                                                "sg_member_position": "Head Coach",
                                                "sg_member_description": "Lorem ipsum dolor sit amet, consectetur adipiscing elit, sed do eiusmod tempor incididunt ut labore et dolore magna aliqua.",
                                                "sg_social_show": "",
                                                "sg_social_icon": [
                                                    {
                                                        "sg_social_icon": {
                                                            "value": "fab fa-facebook-f",
                                                            "library": "fa-brands"
                                                        },
                                                        "sg_social_label": "Facebook",
                                                        "sg_social_link": {
                                                            "url": "https:\/\/facebook.com"
                                                        },
                                                        "_id": "a4ad856"
                                                    },
                                                    {
                                                        "sg_social_icon": {
                                                            "value": "fab fa-twitter",
                                                            "library": "fa-brands"
                                                        },
                                                        "sg_social_label": "Twitter",
                                                        "sg_social_link": {
                                                            "url": "https:\/\/twitter.com"
                                                        },
                                                        "_id": "b238982"
                                                    },
                                                    {
                                                        "sg_social_icon": {
                                                            "value": "fab fa-pinterest-p",
                                                            "library": "fa-brands"
                                                        },
                                                        "sg_social_label": "Pinterest",
                                                        "sg_social_link": {
                                                            "url": "https:\/\/pinterest.com"
                                                        },
                                                        "_id": "af78277"
                                                    }
                                                ],
                                                "sg_popup_phone": "+1 (234) 567-879",
                                                "sg_popup_email": "info@example.com",
                                                "sg_member_overlay_content_alignment": "bottom",
                                                "sg_member_image": {
                                                    "url": "https:\/\/templatekit.jegtheme.com\/socca\/wp-content\/uploads\/sites\/54\/2021\/03\/coach-2.jpg",
                                                    "id": 586
                                                },
                                                "sg_member_html_tag": "h5",
                                                "st_content_hover_background_background_background": "classic",
                                                "st_content_hover_background_background_color": "#2F00009E",
                                                "__globals__": {
                                                    "st_name_typography_content_typography_typography": "globals\/typography?id=1efc178",
                                                    "st_name_normal_color_responsive": "globals\/colors?id=4ea2f0b",
                                                    "st_position_typography_content_typography_typography": "globals\/typography?id=text",
                                                    "st_position_normal_color_responsive": "globals\/colors?id=4ea2f0b"
                                                }
                                            },
                                            "elements": [],
                                            "isInner": false,
                                            "widgetType": "jkit_team",
                                            "elType": "widget"
                                        }
                                    ],
                                    "isInner": true,
                                    "elType": "column"
                                },
                                {
                                    "id": "6bb4d7c6",
                                    "settings": {
                                        "_column_size": 33,
                                        "_inline_size": null,
                                        "margin": {
                                            "unit": "px",
                                            "top": "0",
                                            "right": "0",
                                            "bottom": "0",
                                            "left": "30",
                                            "isLinked": false
                                        },
                                        "margin_tablet": {
                                            "unit": "px",
                                            "top": "0",
                                            "right": "4",
                                            "bottom": "0",
                                            "left": "20",
                                            "isLinked": false
                                        },
                                        "margin_mobile": {
                                            "unit": "px",
                                            "top": "0",
                                            "right": "0",
                                            "bottom": "20",
                                            "left": "0",
                                            "isLinked": false
                                        }
                                    },
                                    "elements": [
                                        {
                                            "id": "11dda675",
                                            "settings": {
                                                "sg_member_style": "overlay",
                                                "sg_member_image_size_imagesize_size": "full",
                                                "sg_member_name": "Coach Justin",
                                                "sg_member_position": "U-18 Coach",
                                                "sg_member_description": "Lorem ipsum dolor sit amet, consectetur adipiscing elit, sed do eiusmod tempor incididunt ut labore et dolore magna aliqua.",
                                                "sg_social_show": "",
                                                "sg_social_icon": [
                                                    {
                                                        "sg_social_icon": {
                                                            "value": "fab fa-facebook-f",
                                                            "library": "fa-brands"
                                                        },
                                                        "sg_social_label": "Facebook",
                                                        "sg_social_link": {
                                                            "url": "https:\/\/facebook.com"
                                                        },
                                                        "_id": "a4ad856"
                                                    },
                                                    {
                                                        "sg_social_icon": {
                                                            "value": "fab fa-twitter",
                                                            "library": "fa-brands"
                                                        },
                                                        "sg_social_label": "Twitter",
                                                        "sg_social_link": {
                                                            "url": "https:\/\/twitter.com"
                                                        },
                                                        "_id": "b238982"
                                                    },
                                                    {
                                                        "sg_social_icon": {
                                                            "value": "fab fa-pinterest-p",
                                                            "library": "fa-brands"
                                                        },
                                                        "sg_social_label": "Pinterest",
                                                        "sg_social_link": {
                                                            "url": "https:\/\/pinterest.com"
                                                        },
                                                        "_id": "af78277"
                                                    }
                                                ],
                                                "sg_popup_phone": "+1 (234) 567-879",
                                                "sg_popup_email": "info@example.com",
                                                "sg_member_overlay_content_alignment": "bottom",
                                                "sg_member_image": {
                                                    "url": "https:\/\/templatekit.jegtheme.com\/socca\/wp-content\/uploads\/sites\/54\/2021\/03\/coach-1.jpg",
                                                    "id": 585
                                                },
                                                "sg_member_html_tag": "h5",
                                                "st_content_hover_background_background_background": "classic",
                                                "st_content_hover_background_background_color": "#2F00009E",
                                                "__globals__": {
                                                    "st_name_typography_content_typography_typography": "globals\/typography?id=1efc178",
                                                    "st_name_normal_color_responsive": "globals\/colors?id=4ea2f0b",
                                                    "st_position_typography_content_typography_typography": "globals\/typography?id=text",
                                                    "st_position_normal_color_responsive": "globals\/colors?id=4ea2f0b"
                                                }
                                            },
                                            "elements": [],
                                            "isInner": false,
                                            "widgetType": "jkit_team",
                                            "elType": "widget"
                                        }
                                    ],
                                    "isInner": true,
                                    "elType": "column"
                                }
                            ],
                            "isInner": true,
                            "elType": "section"
                        }
                    ],
                    "isInner": false,
                    "elType": "column"
                }
            ],
            "isInner": false,
            "elType": "section"
        },
        {
            "id": "27ba5c22",
            "settings": {
                "content_width": {
                    "unit": "px",
                    "size": 731,
                    "sizes": []
                },
                "background_background": "classic",
                "background_image": {
                    "url": "https:\/\/templatekit.jegtheme.com\/socca\/wp-content\/uploads\/sites\/54\/2021\/02\/soccer-team-player-wearing-red-sport-suit-standing-in-green-field-indoor-stadium-closeup-background.jpg",
                    "id": 51
                },
                "background_attachment": "fixed",
                "background_repeat": "no-repeat",
                "background_size": "cover",
                "background_overlay_background": "classic",
                "background_overlay_color": "#180000",
                "background_overlay_opacity": {
                    "unit": "px",
                    "size": 0.7,
                    "sizes": []
                },
                "padding": {
                    "unit": "px",
                    "top": "140",
                    "right": "0",
                    "bottom": "140",
                    "left": "0",
                    "isLinked": false
                },
                "padding_tablet": {
                    "unit": "px",
                    "top": "80",
                    "right": "0",
                    "bottom": "80",
                    "left": "0",
                    "isLinked": false
                },
                "padding_mobile": {
                    "unit": "px",
                    "top": "40",
                    "right": "0",
                    "bottom": "40",
                    "left": "0",
                    "isLinked": false
                },
                "background_ypos": {
                    "unit": "%",
                    "size": 0,
                    "sizes": []
                },
                "gap": "no",
                "background_overlay_color_stop": {
                    "unit": "%",
                    "size": 89,
                    "sizes": []
                },
                "background_overlay_color_b_stop": {
                    "unit": "%",
                    "size": 0,
                    "sizes": []
                },
                "background_overlay_gradient_angle": {
                    "unit": "deg",
                    "size": 320,
                    "sizes": []
                },
                "__globals__": {
                    "background_overlay_color_b": "globals\/colors?id=d34468b"
                },
                "margin_tablet": {
                    "unit": "px",
                    "top": "0",
                    "right": 0,
                    "bottom": "0",
                    "left": 0,
                    "isLinked": false
                }
            },
            "elements": [
                {
                    "id": "252af23b",
                    "settings": {
                        "_column_size": 100,
                        "_inline_size": null,
                        "margin_mobile": {
                            "unit": "px",
                            "top": "0",
                            "right": "10",
                            "bottom": "0",
                            "left": "10",
                            "isLinked": false
                        }
                    },
                    "elements": [
                        {
                            "id": "50cd6e05",
                            "settings": {
                                "editor": "Join Our Team",
                                "__globals__": {
                                    "text_color": "",
                                    "typography_typography": "globals\/typography?id=1260556"
                                },
                                "align": "center",
                                "text_color": "#FFFFFF"
                            },
                            "elements": [],
                            "isInner": false,
                            "widgetType": "text-editor",
                            "elType": "widget"
                        },
                        {
                            "id": "e5f2464",
                            "settings": {
                                "ekit_heading_title": "Being The Number {{#1}} is Our True Goals",
                                "ekit_heading_sub_title": "Time has changed",
                                "shadow_text_content": "bussiness",
                                "ekit_heading_show_seperator": "",
                                "ekit_heading_title_align": "text_center",
                                "ekit_heading_title_color": "#FFFFFF",
                                "__globals__": {
                                    "ekit_heading_focused_title_color": "globals\/colors?id=1988e30",
                                    "ekit_heading_title_typography_typography": "globals\/typography?id=d7ffd59",
                                    "ekit_heading_focused_title_typography_typography": "globals\/typography?id=d7ffd59"
                                }
                            },
                            "elements": [],
                            "isInner": false,
                            "widgetType": "elementskit-heading",
                            "elType": "widget"
                        },
                        {
                            "id": "37b22dd5",
                            "settings": {
                                "text": "Join Now",
                                "align": "center",
                                "text_padding": {
                                    "unit": "px",
                                    "top": "20",
                                    "right": "32",
                                    "bottom": "20",
                                    "left": "32",
                                    "isLinked": false
                                },
                                "_margin": {
                                    "unit": "px",
                                    "top": "0",
                                    "right": "0",
                                    "bottom": "0",
                                    "left": "0",
                                    "isLinked": false
                                },
                                "__globals__": {
                                    "background_color": "",
                                    "button_background_hover_color": "",
                                    "typography_typography": "globals\/typography?id=3a56188"
                                },
                                "background_color": "#C70101",
                                "border_radius": {
                                    "unit": "px",
                                    "top": "0",
                                    "right": "0",
                                    "bottom": "0",
                                    "left": "0",
                                    "isLinked": true
                                }
                            },
                            "elements": [],
                            "isInner": false,
                            "widgetType": "button",
                            "elType": "widget"
                        }
                    ],
                    "isInner": false,
                    "elType": "column"
                }
            ],
            "isInner": false,
            "elType": "section"
        },
        {
            "id": "c2c31d4",
            "settings": {
                "gap": "no",
                "padding": {
                    "unit": "px",
                    "top": "120",
                    "right": "0",
                    "bottom": "80",
                    "left": "0",
                    "isLinked": false
                },
                "structure": "20",
                "reverse_order_tablet": "reverse-tablet",
                "reverse_order_mobile": "reverse-mobile"
            },
            "elements": [
                {
                    "id": "3d7dd404",
                    "settings": {
                        "_column_size": 50,
                        "_inline_size": null,
                        "margin": {
                            "unit": "px",
                            "top": "0",
                            "right": "60",
                            "bottom": "0",
                            "left": "0",
                            "isLinked": false
                        },
                        "content_position": "center",
                        "_inline_size_tablet": 100,
                        "padding_tablet": {
                            "unit": "px",
                            "top": "0",
                            "right": "10",
                            "bottom": "0",
                            "left": "10",
                            "isLinked": false
                        },
                        "margin_mobile": {
                            "unit": "px",
                            "top": "0",
                            "right": "0",
                            "bottom": "0",
                            "left": "0",
                            "isLinked": false
                        }
                    },
                    "elements": [
                        {
                            "id": "238b9a7a",
                            "settings": {
                                "editor": "Social Media",
                                "__globals__": {
                                    "text_color": "globals\/colors?id=1988e30",
                                    "typography_typography": "globals\/typography?id=1260556"
                                },
                                "align": "left",
                                "text_color": "#100707"
                            },
                            "elements": [],
                            "isInner": false,
                            "widgetType": "text-editor",
                            "elType": "widget"
                        },
                        {
                            "id": "650d6adc",
                            "settings": {
                                "sg_text_style": "none",
                                "sg_text_before": "Keep Update to Our ",
                                "sg_text_animated": "Social Channel",
                                "sg_text_rotating_list": [
                                    {
                                        "sg_text_rotating_list_text": "dummy",
                                        "_id": "b1e9264"
                                    },
                                    {
                                        "sg_text_rotating_list_text": "animated",
                                        "_id": "7900c8c"
                                    },
                                    {
                                        "sg_text_rotating_list_text": "rotating",
                                        "_id": "08f1918"
                                    }
                                ],
                                "sg_text_after": "",
                                "sg_text_alignment_responsive": "left",
                                "sg_text_animated_color_style": "color",
                                "__globals__": {
                                    "st_text_normal_typography_content_typography_typography": "globals\/typography?id=d7ffd59",
                                    "st_text_normal_normal_color_responsive": "globals\/colors?id=00e1299",
                                    "st_text_animated_typography_content_typography_typography": "globals\/typography?id=d7ffd59",
                                    "st_text_animated_normal_color_responsive": "globals\/colors?id=1988e30"
                                }
                            },
                            "elements": [],
                            "isInner": false,
                            "widgetType": "jkit_animated_text",
                            "elType": "widget"
                        },
                        {
                            "id": "10a53d1b",
                            "settings": {
                                "editor": "Lorem ipsum dolor sit amet, consectetuer adipiscing elit. Aenean commodo ligula eget dolor. Aenean massa. Cum sociis natoque penatibus et magnis dis parturient montes, nascetur ridiculus mus. Donec quam felis, ultricies nec, pellentesque eu, pretium quis, sem.",
                                "_padding": {
                                    "unit": "px",
                                    "top": "0",
                                    "right": "30",
                                    "bottom": "0",
                                    "left": "0",
                                    "isLinked": false
                                },
                                "align_tablet": "left",
                                "_padding_tablet": {
                                    "unit": "px",
                                    "top": "0",
                                    "right": "60",
                                    "bottom": "0",
                                    "left": "0",
                                    "isLinked": false
                                },
                                "_padding_mobile": {
                                    "unit": "px",
                                    "top": "0",
                                    "right": "0",
                                    "bottom": "0",
                                    "left": "0",
                                    "isLinked": true
                                },
                                "__globals__": {
                                    "text_color": "globals\/colors?id=00e1299",
                                    "typography_typography": ""
                                }
                            },
                            "elements": [],
                            "isInner": false,
                            "widgetType": "text-editor",
                            "elType": "widget"
                        },
                        {
                            "id": "56adaa1f",
                            "settings": {
                                "ekit_socialmedai_list_align": "left",
                                "ekit_socialmedia_add_icons": [
                                    {
                                        "ekit_socialmedia_label": "Facebook",
                                        "_id": "f54e553",
                                        "ekit_socialmedia_link": {
                                            "url": "#",
                                            "is_external": "",
                                            "nofollow": "",
                                            "custom_attributes": ""
                                        },
                                        "__globals__": {
                                            "ekit_socialmedia_icon_color": "globals\/colors?id=4ea2f0b",
                                            "ekit_socialmedia_icon_hover_color": "globals\/colors?id=4ea2f0b",
                                            "ekit_socialmedia_icon_bg_color": "globals\/colors?id=1988e30",
                                            "ekit_socialmedia_icon_hover_bg_color": "globals\/colors?id=d34468b"
                                        },
                                        "ekit_socialmedia_icon_color": "#FFFFFF",
                                        "ekit_socialmedia_icon_bg_color": "#C70101"
                                    },
                                    {
                                        "ekit_socialmedia_icons": {
                                            "value": "icon icon-twitter",
                                            "library": "ekiticons"
                                        },
                                        "ekit_socialmedia_label": "Twitter",
                                        "_id": "632ac66",
                                        "ekit_socialmedia_link": {
                                            "url": "#",
                                            "is_external": "",
                                            "nofollow": "",
                                            "custom_attributes": ""
                                        },
                                        "__globals__": {
                                            "ekit_socialmedia_icon_color": "globals\/colors?id=4ea2f0b",
                                            "ekit_socialmedia_icon_hover_color": "globals\/colors?id=4ea2f0b",
                                            "ekit_socialmedia_icon_bg_color": "globals\/colors?id=1988e30",
                                            "ekit_socialmedia_icon_hover_bg_color": "globals\/colors?id=d34468b"
                                        }
                                    },
                                    {
                                        "ekit_socialmedia_icons": {
                                            "value": "fab fa-youtube",
                                            "library": "fa-brands"
                                        },
                                        "ekit_socialmedia_label": "Youtube",
                                        "_id": "0cc7d33",
                                        "ekit_socialmedia_link": {
                                            "url": "#",
                                            "is_external": "",
                                            "nofollow": "",
                                            "custom_attributes": ""
                                        },
                                        "__globals__": {
                                            "ekit_socialmedia_icon_color": "globals\/colors?id=secondary",
                                            "ekit_socialmedia_icon_hover_color": "globals\/colors?id=4ea2f0b",
                                            "ekit_socialmedia_icon_bg_color": "globals\/colors?id=1988e30",
                                            "ekit_socialmedia_icon_hover_bg_color": "globals\/colors?id=d34468b"
                                        }
                                    },
                                    {
                                        "ekit_socialmedia_icons": {
                                            "value": "icon icon-instagram-1",
                                            "library": "ekiticons"
                                        },
                                        "ekit_socialmedia_label": "Instagram",
                                        "ekit_socialmedia_link": {
                                            "url": "#",
                                            "is_external": "",
                                            "nofollow": "",
                                            "custom_attributes": ""
                                        },
                                        "__globals__": {
                                            "ekit_socialmedia_icon_color": "globals\/colors?id=4ea2f0b",
                                            "ekit_socialmedia_icon_hover_color": "globals\/colors?id=4ea2f0b",
                                            "ekit_socialmedia_icon_bg_color": "globals\/colors?id=accent",
                                            "ekit_socialmedia_icon_hover_bg_color": "globals\/colors?id=d34468b"
                                        },
                                        "_id": "94e924f"
                                    }
                                ],
                                "ekit_socialmedai_list_border_radius": {
                                    "unit": "%",
                                    "top": "0",
                                    "right": "0",
                                    "bottom": "0",
                                    "left": "0",
                                    "isLinked": "1"
                                },
                                "ekit_socialmedai_list_padding": {
                                    "unit": "px",
                                    "top": "10",
                                    "right": "15",
                                    "bottom": "10",
                                    "left": "15",
                                    "isLinked": false
                                },
                                "ekit_socialmedai_list_margin": {
                                    "unit": "px",
                                    "top": "0",
                                    "right": "20",
                                    "bottom": "0",
                                    "left": "0",
                                    "isLinked": ""
                                },
                                "ekit_socialmedai_list_typography_typography": "custom",
                                "ekit_socialmedai_list_typography_font_family": "Work Sans",
                                "ekit_socialmedai_list_typography_font_size": {
                                    "unit": "px",
                                    "size": 14,
                                    "sizes": []
                                },
                                "ekit_socialmedai_list_typography_font_weight": "300",
                                "ekit_socialmedai_list_line_height": {
                                    "unit": "px",
                                    "size": "",
                                    "sizes": []
                                },
                                "ekit_socialmedai_list_align_mobile": "center",
                                "ekit_socialmedai_list_margin_mobile": {
                                    "unit": "px",
                                    "top": "0",
                                    "right": "10",
                                    "bottom": "0",
                                    "left": "10",
                                    "isLinked": false
                                },
                                "ekit_socialmedai_list_typography_font_size_tablet": {
                                    "unit": "px",
                                    "size": 13,
                                    "sizes": []
                                },
                                "ekit_socialmedai_list_typography_font_size_mobile": {
                                    "unit": "px",
                                    "size": 12,
                                    "sizes": []
                                },
                                "ekit_socialmedai_list_item_align": "left",
                                "ekit_socialmedai_list_icon_size": {
                                    "unit": "px",
                                    "size": 16,
                                    "sizes": []
                                },
                                "ekit_socialmedai_list_width": {
                                    "unit": "px",
                                    "size": 25,
                                    "sizes": []
                                },
                                "ekit_socialmedai_list_height": {
                                    "unit": "px",
                                    "size": 25,
                                    "sizes": []
                                },
                                "ekit_socialmedai_list_style_use_height_and_width": "",
                                "_margin": {
                                    "unit": "px",
                                    "top": "0",
                                    "right": "0",
                                    "bottom": "0",
                                    "left": "0",
                                    "isLinked": false
                                }
                            },
                            "elements": [],
                            "isInner": false,
                            "widgetType": "elementskit-social-media",
                            "elType": "widget"
                        },
                        {
                            "id": "74dd4b38",
                            "settings": {
                                "text": "SUBSCRIBE NOw",
                                "_margin": {
                                    "unit": "px",
                                    "top": "15",
                                    "right": "0",
                                    "bottom": "0",
                                    "left": "0",
                                    "isLinked": false
                                }
                            },
                            "elements": [],
                            "isInner": false,
                            "widgetType": "button",
                            "elType": "widget"
                        }
                    ],
                    "isInner": false,
                    "elType": "column"
                },
                {
                    "id": "5af92762",
                    "settings": {
                        "_column_size": 50,
                        "_inline_size": null,
                        "background_image": {
                            "url": "https:\/\/templatekit.jegtheme.com\/socca\/wp-content\/uploads\/sites\/54\/2021\/03\/rows-of-yellow-and-blue-stadium-seats-on-soccer-field-stadium.jpg",
                            "id": 338
                        },
                        "background_position": "top center",
                        "background_size": "cover",
                        "background_overlay_background": "gradient",
                        "background_overlay_color": "#F9F9F9",
                        "background_overlay_color_stop": {
                            "unit": "%",
                            "size": 30,
                            "sizes": []
                        },
                        "background_overlay_color_b": "#C70101C7",
                        "background_overlay_color_b_stop": {
                            "unit": "%",
                            "size": 0,
                            "sizes": []
                        },
                        "background_overlay_opacity": {
                            "unit": "px",
                            "size": 1,
                            "sizes": []
                        },
                        "padding": {
                            "unit": "px",
                            "top": "0",
                            "right": "0",
                            "bottom": "0",
                            "left": "0",
                            "isLinked": false
                        },
                        "__globals__": {
                            "background_overlay_color": "globals\/colors?id=7049ee0",
                            "background_overlay_color_b": ""
                        },
                        "_inline_size_tablet": 100,
                        "margin_tablet": {
                            "unit": "px",
                            "top": "0",
                            "right": "10",
                            "bottom": "40",
                            "left": "10",
                            "isLinked": false
                        }
                    },
                    "elements": [
                        {
                            "id": "59fdb2f6",
                            "settings": {
                                "image": {
                                    "url": "https:\/\/templatekit.jegtheme.com\/socca\/wp-content\/uploads\/sites\/54\/2021\/03\/football-team-captain.jpg",
                                    "id": 456
                                },
                                "image_size": "full",
                                "align": "right",
                                "width": {
                                    "unit": "%",
                                    "size": 71,
                                    "sizes": []
                                }
                            },
                            "elements": [],
                            "isInner": false,
                            "widgetType": "image",
                            "elType": "widget"
                        },
                        {
                            "id": "179ae180",
                            "settings": {
                                "image": {
                                    "url": "https:\/\/templatekit.jegtheme.com\/socca\/wp-content\/uploads\/sites\/54\/2021\/03\/portrait-of-male-high-school-soccer-team-celebrating.jpg",
                                    "id": 389
                                },
                                "image_size": "full",
                                "align": "left",
                                "width": {
                                    "unit": "%",
                                    "size": 100,
                                    "sizes": []
                                },
                                "_margin": {
                                    "unit": "px",
                                    "top": "0",
                                    "right": "0",
                                    "bottom": "0",
                                    "left": "0",
                                    "isLinked": false
                                },
                                "_animation": "fadeInRight",
                                "_element_width": "initial",
                                "_element_custom_width": {
                                    "unit": "px",
                                    "size": 479.951
                                },
                                "_position": "absolute",
                                "_offset_x": {
                                    "size": 39.961,
                                    "unit": "px"
                                },
                                "_offset_y": {
                                    "size": 245.885,
                                    "unit": "px"
                                },
                                "_element_width_tablet": "initial",
                                "_element_custom_width_tablet": {
                                    "unit": "px",
                                    "size": 575.948
                                },
                                "_offset_x_tablet": {
                                    "size": 74.943,
                                    "unit": "px"
                                },
                                "_offset_y_tablet": {
                                    "size": 365.852,
                                    "unit": "px"
                                },
                                "_element_width_mobile": "initial",
                                "_element_custom_width_mobile": {
                                    "unit": "px",
                                    "size": 245.932
                                },
                                "_offset_x_mobile": {
                                    "size": 13.932,
                                    "unit": "px"
                                },
                                "_offset_y_mobile": {
                                    "size": 173.786,
                                    "unit": "px"
                                }
                            },
                            "elements": [],
                            "isInner": false,
                            "widgetType": "image",
                            "elType": "widget"
                        }
                    ],
                    "isInner": false,
                    "elType": "column"
                }
            ],
            "isInner": false,
            "elType": "section"
        }
    ],
    "page_settings": {
        "eael_ext_toc_title": "Table of Contents",
        "template": "elementor_canvas"
    }
}